id,trigger,conditions,script,text,options,notes
shipTrophyIsaRemoteContact,ShipTrophyIsaRemoteContact,,"BeginConversation ship_trophy_isa
$shipTrophyIsaIntelDialog = true
IsaContactRulesCMD showContactPortrait
IsaContactRulesCMD prepareMain
FireAll ShipTrophyIsaMainText
FireAll ShipTrophyIsaMainOptions",,,Remote contact entry point available from Isa's Contacts intel.
shipTrophyIsaCloseIntel,DialogOptionSelected,"$option == ship_trophy_isa_close
$shipTrophyIsaIntelDialog",DismissDialog,You cut the comm link.,,Dismisses Isa's rules dialogue when opened as an Intel-screen overlay.
shipTrophyIsaCloseConversation,DialogOptionSelected,"$option == ship_trophy_isa_close
!$shipTrophyIsaIntelDialog",EndConversation,You cut the comm link.,,Returns cleanly from Isa's normal market-contact conversation.
shipTrophyIsaContactOption,PopulateOptions,"$id == ship_trophy_isa
!IsaContactRulesCMD alreadyJoined",,,40:ship_trophy_isa_open:Talk about the Hall of Triumph ledgers.,Isa contact entry point before officer recruitment.
shipTrophyIsaOfficerContactOption,PopulateOptions,"$id == ship_trophy_isa
IsaContactRulesCMD alreadyJoined",IsaContactRulesCMD showContactPortrait,,40:ship_trophy_isa_officer_call:Call Isa's Hall office.,Post-recruitment contact entry point.
shipTrophyIsaOfficerCall,DialogOptionSelected,$option == ship_trophy_isa_officer_call,"SetShortcut ship_trophy_isa_close ""ESCAPE""","The connection routes to Isa's office. Instead of a live feed, the comm screen displays her screensaver: a photo of her looking out at the stars, below the shadow of some unknown ship.","0:ship_trophy_isa_officer_answer:""Isa?""
100:ship_trophy_isa_close:Cut the comm link.",Post-recruitment office screensaver beat.
shipTrophyIsaOfficerAnswer,DialogOptionSelected,$option == ship_trophy_isa_officer_answer,"SetShortcut ship_trophy_isa_close ""ESCAPE""","A moment later, the screensaver folds away. Isa appears on the feed from somewhere aboard your fleet, safety goggles pushed into her hair and a spanner still in one hand.

""Commander? Why are you calling my office? I'm still here with the fleet. You could've just talked to me.""

She glances off-screen. ""Well? You wanted something?""","0:ship_trophy_isa_open:""Since we're connected, pull up the Hall ledgers.""
100:ship_trophy_isa_close:Cut the comm link.",Post-recruitment answer before the normal Hall menu.
shipTrophyIsaContactOpen,DialogOptionSelected,$option == ship_trophy_isa_open,"IsaContactRulesCMD prepareMain
FireAll ShipTrophyIsaMainText
FireAll ShipTrophyIsaMainOptions",,,Opens or returns to Isa's rules-driven Hall menu.
shipTrophyIsaMainText,ShipTrophyIsaMainText,,"SetTextHighlightColors hColor hColor hColor
SetTextHighlights $shipTrophyIsaRooms $shipTrophyIsaUniqueHulls $shipTrophyIsaUniqueDp","Isa has the Hall of Triumph's network up on a battered slate: $shipTrophyIsaRooms functional rooms, $shipTrophyIsaUniqueHulls unique hull types, $shipTrophyIsaUniqueDp unique deployment points.

""It's not about not owning ships,"" she says. ""It's owning history. Hulls with enough legacy that they teach us all.""",,
shipTrophyIsaMainJoin,ShipTrophyIsaMainOptions,IsaContactRulesCMD canJoin,"SetOptionColor ship_trophy_isa_join_fleet highlight
SetTooltip ship_trophy_isa_join_fleet ""Every vanilla Hall of Triumph ledger is complete. Isa can now join your officer roster.""",,0:ship_trophy_isa_join_fleet:Isa is ready to join the fleet.,
shipTrophyIsaMainMasterwork,ShipTrophyIsaMainOptions,,IsaContactOptionsCMD populateMasterworkOption,,,
shipTrophyIsaMainUniques,ShipTrophyIsaMainOptions,,,,20:ship_trophy_isa_uniques:Ask about unique hulls.,
shipTrophyIsaMainSubtypes,ShipTrophyIsaMainOptions,,,,30:ship_trophy_isa_subtypes:Ask about vanilla faction and subtype programs.,
shipTrophyIsaMainModdedUniques,ShipTrophyIsaMainOptions,IsaContactRulesCMD hasUniquePrograms modded,,,40:ship_trophy_isa_modded_uniques:Ask about modded unique hulls.,
shipTrophyIsaMainModdedSubtypes,ShipTrophyIsaMainOptions,IsaContactRulesCMD hasSubtypePrograms modded,,,50:ship_trophy_isa_modded_subtypes:Ask about modded faction and subtype programs.,
shipTrophyIsaMainLeave,ShipTrophyIsaMainOptions,,"SetShortcut ship_trophy_isa_close ""ESCAPE""",,100:ship_trophy_isa_close:Cut the comm link.,
shipTrophyIsaMasterworkHub,DialogOptionSelected,$option == ship_trophy_isa_masterwork,"IsaContactRulesCMD prepareMasterwork
IsaContactRulesCMD showMasterworkIntro
IsaContactRulesCMD showMasterworkStatus
FireBest ShipTrophyIsaMasterworkState",,,
shipTrophyIsaMasterworkIncomplete,ShipTrophyIsaMasterworkState,!IsaContactRulesCMD masterworkComplete,"SetShortcut ship_trophy_isa_close ""ESCAPE""","""Bring me the missing hulls and I'll get to work on my custom modspec.""","0:ship_trophy_isa_masterwork:Back.
100:ship_trophy_isa_close:Cut the comm link.",
shipTrophyIsaMasterworkComplete,ShipTrophyIsaMasterworkState,IsaContactRulesCMD masterworkComplete,"FireAll ShipTrophyIsaMasterworkCompleteText
FireBest ShipTrophyIsaMasterworkCompleteOptions",,,
shipTrophyIsaMasterworkCompleteText,ShipTrophyIsaMasterworkCompleteText,,,"Isa has all five hull profiles hanging in the air around her: Onslaught XIV, Paragon, Invictus, Conquest, Executor. Lines of forge notation connect them into a web only she seems able to read.

""Would you look at that,"" she says, almost reverently. ""Five different answers to the same question: how much ship can you build before the song you're singing becomes noise?""",,
shipTrophyIsaMasterworkCompleteOptionsNew,ShipTrophyIsaMasterworkCompleteOptions,!IsaContactRulesCMD unlockSeen awe,"SetOptionColor ship_trophy_isa_masterwork_2 highlight
SetTooltip ship_trophy_isa_masterwork_2 ""Isa has completed her masterwork.""
SetShortcut ship_trophy_isa_close ""ESCAPE""",,"0:ship_trophy_isa_masterwork_2:""You made something useful, then?""
90:ship_trophy_isa_open:Back.
100:ship_trophy_isa_close:Cut the comm link.",
shipTrophyIsaMasterworkCompleteOptionsSeen,ShipTrophyIsaMasterworkCompleteOptions,IsaContactRulesCMD unlockSeen awe,"SetTooltip ship_trophy_isa_masterwork_2 ""Isa has completed her masterwork.""
SetShortcut ship_trophy_isa_close ""ESCAPE""",,"0:ship_trophy_isa_masterwork_2:""You made something useful, then?""
90:ship_trophy_isa_open:Back.
100:ship_trophy_isa_close:Cut the comm link.",
shipTrophyIsaMasterworkUnlock,DialogOptionSelected,$option == ship_trophy_isa_masterwork_2,"IsaContactRulesCMD markUnlockSeen awe
SetTextHighlightColors hColor
SetTextHighlights ""Received Awe modspec.""","""Useful?"" Isa grins. She pinches the web down to a single rotating modspec and flicks it from her terminal to yours. ""Commander, this is my Magnum Opus. Your ships will have never sung so beautifully in their lives.""

Received Awe modspec.","0:ship_trophy_isa_masterwork_3:""It's named 'Awe'? Modest of you.""",
shipTrophyIsaMasterworkUnlockEnd,DialogOptionSelected,$option == ship_trophy_isa_masterwork_3,"SetShortcut ship_trophy_isa_close ""ESCAPE""","""I considered 'Isa Leicester Is The Best,'"" she says. ""Marketing talked me down.""

She is still smiling when she turns back to the five ships.","0:ship_trophy_isa_masterwork:Back.
100:ship_trophy_isa_close:Cut the comm link.",
shipTrophyIsaUniquesHub,DialogOptionSelected,$option == ship_trophy_isa_uniques,"IsaContactRulesCMD prepare
IsaContactRulesCMD refreshStats
FireAll ShipTrophyIsaUniqueIntro
IsaContactRulesCMD showUniqueStatus vanilla
FireAll ShipTrophyIsaUniqueOptionsVanilla",,,
shipTrophyIsaModdedUniquesHub,DialogOptionSelected,$option == ship_trophy_isa_modded_uniques,"IsaContactRulesCMD prepare
IsaContactRulesCMD refreshStats
FireAll ShipTrophyIsaUniqueIntro
IsaContactRulesCMD showUniqueStatus modded
FireAll ShipTrophyIsaUniqueOptionsModded",,,
shipTrophyIsaUniqueIntro,ShipTrophyIsaUniqueIntro,,,"""Some hulls are so singular they don't need a doctrine category,"" Isa says. ""Either we have one, or we don't.""",,
shipTrophyIsaGazeOptionLocked,ShipTrophyIsaUniqueOptionsVanilla,!IsaContactRulesCMD uniqueShowcased gaze,"SetTooltip ship_trophy_isa_gaze ""Requires the Ziggurat display""",,10:ship_trophy_isa_gaze:Discuss the Ziggurat.,
shipTrophyIsaGazeOptionNew,ShipTrophyIsaUniqueOptionsVanilla,"IsaContactRulesCMD uniqueShowcased gaze
!IsaContactRulesCMD unlockSeen gaze","SetOptionColor ship_trophy_isa_gaze highlight
SetTooltip ship_trophy_isa_gaze ""Unlocked: Gaze""",,10:ship_trophy_isa_gaze:Discuss the Ziggurat.,
shipTrophyIsaGazeOptionSeen,ShipTrophyIsaUniqueOptionsVanilla,"IsaContactRulesCMD uniqueShowcased gaze
IsaContactRulesCMD unlockSeen gaze","SetTooltip ship_trophy_isa_gaze ""Unlocked: Gaze""",,10:ship_trophy_isa_gaze:Discuss the Ziggurat.,
shipTrophyIsaContemptOptionLocked,ShipTrophyIsaUniqueOptionsVanilla,!IsaContactRulesCMD uniqueShowcased contempt,"SetTooltip ship_trophy_isa_contempt ""Requires the Onslaught Mk.I display""",,20:ship_trophy_isa_contempt:Discuss the Onslaught Mk.I.,
shipTrophyIsaContemptOptionNew,ShipTrophyIsaUniqueOptionsVanilla,"IsaContactRulesCMD uniqueShowcased contempt
!IsaContactRulesCMD unlockSeen contempt","SetOptionColor ship_trophy_isa_contempt highlight
SetTooltip ship_trophy_isa_contempt ""Unlocked: Contempt""",,20:ship_trophy_isa_contempt:Discuss the Onslaught Mk.I.,
shipTrophyIsaContemptOptionSeen,ShipTrophyIsaUniqueOptionsVanilla,"IsaContactRulesCMD uniqueShowcased contempt
IsaContactRulesCMD unlockSeen contempt","SetTooltip ship_trophy_isa_contempt ""Unlocked: Contempt""",,20:ship_trophy_isa_contempt:Discuss the Onslaught Mk.I.,
shipTrophyIsaGenericVanillaOptions,ShipTrophyIsaUniqueOptionsVanilla,,IsaContactOptionsCMD populateGenericUniqueOptions vanilla,,,
shipTrophyIsaUniqueVanillaBack,ShipTrophyIsaUniqueOptionsVanilla,,"SetShortcut ship_trophy_isa_close ""ESCAPE""",,"90:ship_trophy_isa_open:Back.
100:ship_trophy_isa_close:Cut the comm link.",
shipTrophyIsaMercyOptionLocked,ShipTrophyIsaUniqueOptionsModded,"IsaContactRulesCMD uniqueActive mercy
!IsaContactRulesCMD uniqueShowcased mercy","SetTooltip ship_trophy_isa_mercy ""Requires Abundant Mercy from Knights Hospitaller""",,10:ship_trophy_isa_mercy:Discuss Abundant Mercy.,
shipTrophyIsaMercyOptionNew,ShipTrophyIsaUniqueOptionsModded,"IsaContactRulesCMD uniqueActive mercy
IsaContactRulesCMD uniqueShowcased mercy
!IsaContactRulesCMD unlockSeen mercy","SetOptionColor ship_trophy_isa_mercy highlight
SetTooltip ship_trophy_isa_mercy ""Unlocked: Vow""",,10:ship_trophy_isa_mercy:Discuss Abundant Mercy.,
shipTrophyIsaMercyOptionSeen,ShipTrophyIsaUniqueOptionsModded,"IsaContactRulesCMD uniqueActive mercy
IsaContactRulesCMD uniqueShowcased mercy
IsaContactRulesCMD unlockSeen mercy","SetTooltip ship_trophy_isa_mercy ""Unlocked: Vow""",,10:ship_trophy_isa_mercy:Discuss Abundant Mercy.,
shipTrophyIsaLionOptionLocked,ShipTrophyIsaUniqueOptionsModded,"IsaContactRulesCMD uniqueActive lion
!IsaContactRulesCMD uniqueShowcased lion","SetTooltip ship_trophy_isa_lion ""Requires The Black Lion from Black Lion Ships""",,20:ship_trophy_isa_lion:Discuss The Black Lion.,
shipTrophyIsaLionOptionNew,ShipTrophyIsaUniqueOptionsModded,"IsaContactRulesCMD uniqueActive lion
IsaContactRulesCMD uniqueShowcased lion
!IsaContactRulesCMD unlockSeen lion","SetOptionColor ship_trophy_isa_lion highlight
SetTooltip ship_trophy_isa_lion ""Unlocked: Inheritance""",,20:ship_trophy_isa_lion:Discuss The Black Lion.,
shipTrophyIsaLionOptionSeen,ShipTrophyIsaUniqueOptionsModded,"IsaContactRulesCMD uniqueActive lion
IsaContactRulesCMD uniqueShowcased lion
IsaContactRulesCMD unlockSeen lion","SetTooltip ship_trophy_isa_lion ""Unlocked: Inheritance""",,20:ship_trophy_isa_lion:Discuss The Black Lion.,
shipTrophyIsaGenericModdedOptions,ShipTrophyIsaUniqueOptionsModded,,IsaContactOptionsCMD populateGenericUniqueOptions modded,,,
shipTrophyIsaUniqueModdedBack,ShipTrophyIsaUniqueOptionsModded,,"SetShortcut ship_trophy_isa_close ""ESCAPE""",,"90:ship_trophy_isa_open:Back.
100:ship_trophy_isa_close:Cut the comm link.",
shipTrophyIsaGazeLocked,DialogOptionSelected,"$option == ship_trophy_isa_gaze
!IsaContactRulesCMD uniqueShowcased gaze","SetShortcut ship_trophy_isa_close ""ESCAPE""","""If you ever find out what Tri-Tach was working on in their blacksites, come find me. Quietly.""","0:ship_trophy_isa_uniques:Back.
100:ship_trophy_isa_close:Cut the comm link.",
shipTrophyIsaGazeUnlocked,DialogOptionSelected,"$option == ship_trophy_isa_gaze
IsaContactRulesCMD uniqueShowcased gaze","IsaContactRulesCMD prepare
FireAll ShipTrophyIsaGazeUnlockedText
FireBest ShipTrophyIsaGazeUnlockedOptions",,,
shipTrophyIsaGazeUnlockedText,ShipTrophyIsaGazeUnlockedText,,,"""This thing... Ziggurat... I don't like it. Commander, I recommend we isolate the thing. Seal off its display berth."" 

Isa rubs her temples. 

""At least until I can figure out where that damn ringing sound is coming from inside it."" 

Her rubbing intensifies; her frown deepens.",,
shipTrophyIsaGazeUnlockedOptionsNew,ShipTrophyIsaGazeUnlockedOptions,!IsaContactRulesCMD unlockSeen gaze,"SetOptionColor ship_trophy_isa_gaze_2 highlight
SetTooltip ship_trophy_isa_gaze_2 ""Isa has completed the Gaze modspec.""",,"0:ship_trophy_isa_gaze_2:""Take care of yourself, Isa.""
90:ship_trophy_isa_uniques:Back.",
shipTrophyIsaGazeUnlockedOptionsSeen,ShipTrophyIsaGazeUnlockedOptions,IsaContactRulesCMD unlockSeen gaze,"SetTooltip ship_trophy_isa_gaze_2 ""Isa has completed the Gaze modspec.""",,"0:ship_trophy_isa_gaze_2:""Take care of yourself, Isa.""
90:ship_trophy_isa_uniques:Back.",
shipTrophyIsaGazeUnlock,DialogOptionSelected,$option == ship_trophy_isa_gaze_2,"IsaContactRulesCMD markUnlockSeen gaze
SetTextHighlightColors hColor
SetTextHighlights ""Received Gaze modspec.""","""I know, I know."" Isa waves at the hologram on her Tri-pad, and a modspec flies from her terminal to yours. ""Those are my findings from that abomination.""

Received Gaze modspec.","0:ship_trophy_isa_gaze_3:""Thanks, Chief. Take the day off.""",
shipTrophyIsaGazeEnd,DialogOptionSelected,$option == ship_trophy_isa_gaze_3,"SetShortcut ship_trophy_isa_close ""ESCAPE""","""Thaaanks."" Isa waves as she walks off.

You hear her mutter, ""The hell is that sound? Some kind of structural acoustics?""","0:ship_trophy_isa_uniques:Back.
100:ship_trophy_isa_close:Cut the comm link.",
shipTrophyIsaContemptLocked,DialogOptionSelected,"$option == ship_trophy_isa_contempt
!IsaContactRulesCMD uniqueShowcased contempt","SetShortcut ship_trophy_isa_close ""ESCAPE""","""Say, Cap. Let me know if you find any... legendary, near mythical ship frames from the early Domain Era out there. 'Kay?""","0:ship_trophy_isa_uniques:Back.
100:ship_trophy_isa_close:Cut the comm link.",
shipTrophyIsaContemptUnlocked,DialogOptionSelected,"$option == ship_trophy_isa_contempt
IsaContactRulesCMD uniqueShowcased contempt","IsaContactRulesCMD prepare
FireAll ShipTrophyIsaContemptUnlockedText
FireBest ShipTrophyIsaContemptUnlockedOptions",,,
shipTrophyIsaContemptUnlockedText,ShipTrophyIsaContemptUnlockedText,,,"The workshop is silent.

Isa's entire team has gathered beneath the Onslaught Mk.I's projected silhouette. Salvagers who normally argue over stripped bolts stand shoulder to shoulder with yard engineers, all staring upward. The shape is crude and strangely proportioned, but unmistakable.

Isa does not look away when you enter.

""Do you understand what you brought home?"" she asks quietly. ""The Onslaught. The one every other has spent thousands of cycles trying to remember.""",,
shipTrophyIsaContemptUnlockedOptionsNew,ShipTrophyIsaContemptUnlockedOptions,!IsaContactRulesCMD unlockSeen contempt,"SetOptionColor ship_trophy_isa_contempt_2 highlight
SetTooltip ship_trophy_isa_contempt_2 ""Isa has completed the Contempt modspec.""",,"0:ship_trophy_isa_contempt_2:""You sound like a Galactic Redeemer.""
90:ship_trophy_isa_uniques:Back.",
shipTrophyIsaContemptUnlockedOptionsSeen,ShipTrophyIsaContemptUnlockedOptions,IsaContactRulesCMD unlockSeen contempt,"SetTooltip ship_trophy_isa_contempt_2 ""Isa has completed the Contempt modspec.""",,"0:ship_trophy_isa_contempt_2:""You sound like a Galactic Redeemer.""
90:ship_trophy_isa_uniques:Back.",
shipTrophyIsaContemptTwo,DialogOptionSelected,$option == ship_trophy_isa_contempt_2,IsaContactRulesCMD markUnlockSeen contempt,"""We have our own saints."" Isa finally lowers her eyes. ""I've heard the Mk.I be called a myth. The Domain's navy, its forges, its gates, all hammered into one heroic hammer and sent to fight some impossible enemy in the dark.""

She looks back at the ancient hull.

""Then one day the myth drifts out of the abyss.""","0:ship_trophy_isa_contempt_3:""What remains?""",
shipTrophyIsaContemptThree,DialogOptionSelected,$option == ship_trophy_isa_contempt_3,,"""Enough."" The reverence in Isa's voice gives way to mounting professional excitement. She unfolds diagrams of the replaceable vambrace armor, the shieldless hull, and the electromechanical automation whispering through every major system.

""The crew kept rebuilding themselves alongside it. Wounded, augmented, replaced, until the people and the ship stopped being separate things. All that remained was a factory serial and one final order repeated across the ages.""

A fire-control pattern detaches from the diagrams. You recall what the ship said when you were there.",0:ship_trophy_isa_contempt_4:Threat detected.,
shipTrophyIsaContemptFour,DialogOptionSelected,$option == ship_trophy_isa_contempt_4,"SetTextHighlightColors hColor
SetTextHighlights ""Received Contempt modspec.""","Isa sends the pattern to your terminal.

Received Contempt modspec.","0:ship_trophy_isa_contempt_5:""Contempt.""",
shipTrophyIsaContemptFive,DialogOptionSelected,$option == ship_trophy_isa_contempt_5,,"""Seemed appropriate."" Isa glances toward the gathered engineers. ""Give us another minute before you open the berth to visitors, Commander.""","0:ship_trophy_isa_contempt_6:""Have you found what happened to the original crew?""",
shipTrophyIsaContemptSix,DialogOptionSelected,$option == ship_trophy_isa_contempt_6,"SetShortcut ship_trophy_isa_close ""ESCAPE""","Isa shakes her head. ""Anything... 'sentient' has long died out. There's nothing left in those drives but empty subroutines and a bunch of weights and neural nets.""

Isa puts her hand over her heart. ""Rest in peace, now.""","0:ship_trophy_isa_uniques:Back.
100:ship_trophy_isa_close:Cut the comm link.",
shipTrophyIsaMercyLocked,DialogOptionSelected,"$option == ship_trophy_isa_mercy
!IsaContactRulesCMD uniqueShowcased mercy","SetShortcut ship_trophy_isa_close ""ESCAPE""","""Keep an eye out for Abundant Mercy, the Knights Hospitaller's Invictus-pattern ships. If you get it into the network, I want a separate ledger for it.""","0:ship_trophy_isa_modded_uniques:Back.
100:ship_trophy_isa_close:Cut the comm link.",
shipTrophyIsaMercyUnlocked,DialogOptionSelected,"$option == ship_trophy_isa_mercy
IsaContactRulesCMD uniqueShowcased mercy","IsaContactRulesCMD prepare
FireAll ShipTrophyIsaMercyUnlockedText
FireBest ShipTrophyIsaMercyUnlockedOptions",,,
shipTrophyIsaMercyUnlockedText,ShipTrophyIsaMercyUnlockedText,,,"Isa stands beneath the Abundant Mercy's projected silhouette, unusually quiet.

""Invictus-patterns we see around these parts are built around deciding who dies,"" she says. ""This one was built around deciding who gets another chance. Every launch rail, every damage-control route, every recovery station. It all points the same way.""",,
shipTrophyIsaMercyUnlockedOptionsNew,ShipTrophyIsaMercyUnlockedOptions,!IsaContactRulesCMD unlockSeen mercy,"SetOptionColor ship_trophy_isa_mercy_2 highlight
SetTooltip ship_trophy_isa_mercy_2 ""Isa has completed the Vow modspec.""",,"0:ship_trophy_isa_mercy_2:""Can our crews reproduce it?""
90:ship_trophy_isa_modded_uniques:Back.",
shipTrophyIsaMercyUnlockedOptionsSeen,ShipTrophyIsaMercyUnlockedOptions,IsaContactRulesCMD unlockSeen mercy,"SetTooltip ship_trophy_isa_mercy_2 ""Isa has completed the Vow modspec.""",,"0:ship_trophy_isa_mercy_2:""Can our crews reproduce it?""
90:ship_trophy_isa_modded_uniques:Back.",
shipTrophyIsaMercyTwo,DialogOptionSelected,$option == ship_trophy_isa_mercy_2,"IsaContactRulesCMD markUnlockSeen mercy
SetTextHighlightColors hColor
SetTextHighlights ""Received Vow modspec.""","""I told you, right? My team's the best in the Sec."" Isa sends a pale-gold modspec to your terminal. ""This is as close as I can get without asking the ship to grow a halo.""

Received Vow modspec.","0:ship_trophy_isa_mercy_3:""That's close enough.""",
shipTrophyIsaMercyThree,DialogOptionSelected,$option == ship_trophy_isa_mercy_3,"SetShortcut ship_trophy_isa_close ""ESCAPE""","Isa nods toward the Mercy. ""For a first draft.""","0:ship_trophy_isa_modded_uniques:Back.
100:ship_trophy_isa_close:Cut the comm link.",
shipTrophyIsaLionLocked,DialogOptionSelected,"$option == ship_trophy_isa_lion
!IsaContactRulesCMD uniqueShowcased lion","SetShortcut ship_trophy_isa_close ""ESCAPE""","""Keep an eye out for The Black Lion from Black Lion Ships. If you get it into the network, I want a separate ledger for it. That hull is not just another class entry.""","0:ship_trophy_isa_modded_uniques:Back.
100:ship_trophy_isa_close:Cut the comm link.",
shipTrophyIsaLionUnlocked,DialogOptionSelected,"$option == ship_trophy_isa_lion
IsaContactRulesCMD uniqueShowcased lion","IsaContactRulesCMD prepare
FireAll ShipTrophyIsaLionUnlockedText
FireBest ShipTrophyIsaLionUnlockedOptions",,,
shipTrophyIsaLionUnlockedText,ShipTrophyIsaLionUnlockedText,,,"The Black Lion's energy grid fills Isa's terminal in layers of gold and warning red. She peels them apart one by one, frowning harder each time.

""This ship is showing off,"" she says. ""And the annoying part is that it has every right to. A temporal shell? On a ship that size?""",,
shipTrophyIsaLionUnlockedOptionsNew,ShipTrophyIsaLionUnlockedOptions,!IsaContactRulesCMD unlockSeen lion,"SetOptionColor ship_trophy_isa_lion_2 highlight
SetTooltip ship_trophy_isa_lion_2 ""Isa has completed the Inheritance modspec.""",,"0:ship_trophy_isa_lion_2:""High praise, coming from you.""
90:ship_trophy_isa_modded_uniques:Back.",
shipTrophyIsaLionUnlockedOptionsSeen,ShipTrophyIsaLionUnlockedOptions,IsaContactRulesCMD unlockSeen lion,"SetTooltip ship_trophy_isa_lion_2 ""Isa has completed the Inheritance modspec.""",,"0:ship_trophy_isa_lion_2:""High praise, coming from you.""
90:ship_trophy_isa_modded_uniques:Back.",
shipTrophyIsaLionTwo,DialogOptionSelected,$option == ship_trophy_isa_lion_2,"IsaContactRulesCMD markUnlockSeen lion
SetTextHighlightColors hColor
SetTextHighlights ""Received Inheritance modspec.""","""Professional recognition."" Isa gathers the brightest layers into a new file and pushes it across the link. ""I stripped out the vanity. Mostly.""

Received Inheritance modspec.","0:ship_trophy_isa_lion_3:""What did you leave in?""",
shipTrophyIsaLionThree,DialogOptionSelected,$option == ship_trophy_isa_lion_3,"SetShortcut ship_trophy_isa_close ""ESCAPE""","""The part that wins... 'disagreements',"" she says. ""Kinetic ones.""","0:ship_trophy_isa_modded_uniques:Back.
100:ship_trophy_isa_close:Cut the comm link.",
shipTrophyIsaGenericUniqueSelected,DialogOptionSelected,IsaContactRulesCMD isGenericUniqueOption,"IsaContactRulesCMD prepareUniqueFromOption
FireBest ShipTrophyIsaGenericUniqueState",,,
shipTrophyIsaGenericUniqueInactive,ShipTrophyIsaGenericUniqueState,!IsaContactRulesCMD currentUniqueActive,"SetShortcut ship_trophy_isa_close ""ESCAPE""","""That ledger isn't active right now,"" Isa says. ""Might be a missing mod, might be a bad index.""","0:ship_trophy_isa_open:Back.
100:ship_trophy_isa_close:Cut the comm link.",
shipTrophyIsaGenericUniqueLockedVanilla,ShipTrophyIsaGenericUniqueState,"IsaContactRulesCMD currentUniqueActive
!IsaContactRulesCMD currentUniqueShowcased
!IsaContactRulesCMD currentUniqueModded","SetTextHighlightColors hColor
SetTextHighlights $shipTrophyIsaUniqueShowcaseName
SetShortcut ship_trophy_isa_close ""ESCAPE""","""If you can get $shipTrophyIsaUniqueShowcaseName into the network, I want a separate ledger for it. That hull is not just another class entry.""","0:ship_trophy_isa_uniques:Back.
100:ship_trophy_isa_close:Cut the comm link.",
shipTrophyIsaGenericUniqueLockedModded,ShipTrophyIsaGenericUniqueState,"IsaContactRulesCMD currentUniqueActive
!IsaContactRulesCMD currentUniqueShowcased
IsaContactRulesCMD currentUniqueModded","SetTextHighlightColors hColor
SetTextHighlights $shipTrophyIsaUniqueShowcaseName
SetShortcut ship_trophy_isa_close ""ESCAPE""","""If you can get $shipTrophyIsaUniqueShowcaseName into the network, I want a separate ledger for it. That hull is not just another class entry.""","0:ship_trophy_isa_modded_uniques:Back.
100:ship_trophy_isa_close:Cut the comm link.",
shipTrophyIsaGenericUniqueUnlockedVanilla,ShipTrophyIsaGenericUniqueState,"IsaContactRulesCMD currentUniqueActive
IsaContactRulesCMD currentUniqueShowcased
!IsaContactRulesCMD currentUniqueModded","IsaContactRulesCMD markCurrentUniqueSeen
SetTextHighlightColors hColor hColor
SetTextHighlights $shipTrophyIsaUniqueShowcaseName $shipTrophyIsaUniqueReceipt
SetShortcut ship_trophy_isa_close ""ESCAPE""","""The $shipTrophyIsaUniqueShowcaseName ledger is live. Good. I wanted that one treated as its own exhibit, not filed under the stock hull.""

$shipTrophyIsaUniqueReceipt","0:ship_trophy_isa_uniques:Back.
100:ship_trophy_isa_close:Cut the comm link.",
shipTrophyIsaGenericUniqueUnlockedModded,ShipTrophyIsaGenericUniqueState,"IsaContactRulesCMD currentUniqueActive
IsaContactRulesCMD currentUniqueShowcased
IsaContactRulesCMD currentUniqueModded","IsaContactRulesCMD markCurrentUniqueSeen
SetTextHighlightColors hColor hColor
SetTextHighlights $shipTrophyIsaUniqueShowcaseName $shipTrophyIsaUniqueReceipt
SetShortcut ship_trophy_isa_close ""ESCAPE""","""The $shipTrophyIsaUniqueShowcaseName ledger is live. Good. I wanted that one treated as its own exhibit, not filed under the stock hull.""

$shipTrophyIsaUniqueReceipt","0:ship_trophy_isa_modded_uniques:Back.
100:ship_trophy_isa_close:Cut the comm link.",
shipTrophyIsaSubtypesHub,DialogOptionSelected,$option == ship_trophy_isa_subtypes,"IsaContactRulesCMD refreshStats
FireAll ShipTrophyIsaSubtypeIntro
FireAll ShipTrophyIsaSubtypeOptionsVanilla",,,
shipTrophyIsaModdedSubtypesHub,DialogOptionSelected,$option == ship_trophy_isa_modded_subtypes,"IsaContactRulesCMD refreshStats
FireAll ShipTrophyIsaSubtypeIntro
FireAll ShipTrophyIsaSubtypeOptionsModded",,,
shipTrophyIsaSubtypeIntro,ShipTrophyIsaSubtypeIntro,,,"""Pick a family and I'll tell you whether the displays have enough mass to teach us anything useful.""",,
shipTrophyIsaSubtypeDynamicOptionsVanilla,ShipTrophyIsaSubtypeOptionsVanilla,,IsaContactOptionsCMD populateSubtypeOptions vanilla,,,
shipTrophyIsaSubtypeBackVanilla,ShipTrophyIsaSubtypeOptionsVanilla,,"SetShortcut ship_trophy_isa_close ""ESCAPE""",,"90:ship_trophy_isa_open:Back.
100:ship_trophy_isa_close:Cut the comm link.",
shipTrophyIsaSubtypeDynamicOptionsModded,ShipTrophyIsaSubtypeOptionsModded,,IsaContactOptionsCMD populateSubtypeOptions modded,,,
shipTrophyIsaSubtypeBackModded,ShipTrophyIsaSubtypeOptionsModded,,"SetShortcut ship_trophy_isa_close ""ESCAPE""",,"90:ship_trophy_isa_open:Back.
100:ship_trophy_isa_close:Cut the comm link.",
shipTrophyIsaSubtypeSelected,DialogOptionSelected,IsaContactRulesCMD isSubtypeOption,"IsaContactRulesCMD prepareSubtypeFromOption
FireBest ShipTrophyIsaSubtypeComment
FireBest ShipTrophyIsaSubtypeState",,,
shipTrophyIsaSubtypeCommentXiv,ShipTrophyIsaSubtypeComment,IsaContactRulesCMD currentSubtype xiv score:100,,"""XIV battlegroup hulls are history stapled to big guns."" Isa says. ""Very hard to argue with once the armor starts moving.""",,
shipTrophyIsaSubtypeCommentLp,ShipTrophyIsaSubtypeComment,IsaContactRulesCMD currentSubtype lp score:100,,"""Path ships are floating disasters with engines. Dangerous lesson set, but useful if you respect how much they are willing to martyr themselves.""",,
shipTrophyIsaSubtypeCommentLg,ShipTrophyIsaSubtypeComment,IsaContactRulesCMD currentSubtype lg score:100,,"""Lion's Guard work is parade paint over surprisingly decent forge-level tuning. Ignoring the garbage wiring and that man-mulcher they call the 'Energy Bolt Coherer', it's got a surprisingly practical layout. For some of the patterns, anways.""",,
shipTrophyIsaSubtypeCommentTt,ShipTrophyIsaSubtypeComment,IsaContactRulesCMD currentSubtype tt score:100,,"""Tri-Tachyon legacy hulls hide their best tricks in the absence of obvious machinery. Their comapny is lies on lies, but their ships sing a different story.""",,
shipTrophyIsaSubtypeCommentKnights,ShipTrophyIsaSubtypeComment,IsaContactRulesCMD currentSubtype knights_of_ludd score:100,,"""This family has its own habits,"" Isa says. ""Get enough examples into our network and the design patterns start showing through.""",,
shipTrophyIsaSubtypeCommentUaf,ShipTrophyIsaSubtypeComment,IsaContactRulesCMD currentSubtype uaf score:100,,"""This family has its own habits,"" Isa says. ""Get enough examples into our network and the design patterns start showing through.""",,
shipTrophyIsaSubtypeCommentIronShell,ShipTrophyIsaSubtypeComment,IsaContactRulesCMD currentSubtype iron_shell score:100,,"""This family has its own habits,"" Isa says. ""Get enough examples into our network and the design patterns start showing through.""",,
shipTrophyIsaSubtypeCommentRemnant,ShipTrophyIsaSubtypeComment,IsaContactRulesCMD currentSubtype remnant score:100,,"""This family has its own habits,"" Isa says. ""Get enough examples into our network and the design patterns start showing through.""",,
shipTrophyIsaSubtypeCommentDerelict,ShipTrophyIsaSubtypeComment,IsaContactRulesCMD currentSubtype domain_derelict score:100,,"""This family has its own habits,"" Isa says. ""Get enough examples into our network and the design patterns start showing through.""",,
shipTrophyIsaSubtypeCommentGeneric,ShipTrophyIsaSubtypeComment,,,"""This family has its own habits,"" Isa says. ""Get enough examples into our network and the design patterns start showing through.""",,
shipTrophyIsaSubtypeInactive,ShipTrophyIsaSubtypeState,!IsaContactRulesCMD currentSubtypeActive,"SetShortcut ship_trophy_isa_close ""ESCAPE""","""That ledger isn't active right now,"" Isa says. ""Might be a missing mod, might be a bad index.""","0:ship_trophy_isa_open:Back.
100:ship_trophy_isa_close:Cut the comm link.",
shipTrophyIsaSubtypeLocked,ShipTrophyIsaSubtypeState,"IsaContactRulesCMD currentSubtypeActive
!IsaContactRulesCMD currentSubtypeUnlocked","FireAll ShipTrophyIsaSubtypeLockedText
FireBest ShipTrophyIsaSubtypeLockedOptions",,,
shipTrophyIsaSubtypeLockedText,ShipTrophyIsaSubtypeLockedText,,"SetTextHighlightColors hColor hColor hColor hColor
SetTextHighlights $shipTrophyIsaSubtypeCurrentDp $shipTrophyIsaSubtypeUnlockDp $shipTrophyIsaSubtypeShowcaseName $shipTrophyIsaSubtypeRemainingDp","Showcase progress: $shipTrophyIsaSubtypeCurrentDp / $shipTrophyIsaSubtypeUnlockDp DP worth of $shipTrophyIsaSubtypeShowcaseName ships.

""Not enough examples yet. Bring me $shipTrophyIsaSubtypeRemainingDp more DP worth and the pattern should stop lying to us.""",,
shipTrophyIsaSubtypeLockedOptionsVanilla,ShipTrophyIsaSubtypeLockedOptions,!IsaContactRulesCMD currentSubtypeModded,"SetShortcut ship_trophy_isa_close ""ESCAPE""",,"0:ship_trophy_isa_subtypes:Back.
100:ship_trophy_isa_close:Cut the comm link.",
shipTrophyIsaSubtypeLockedOptionsModded,ShipTrophyIsaSubtypeLockedOptions,IsaContactRulesCMD currentSubtypeModded,"SetShortcut ship_trophy_isa_close ""ESCAPE""",,"0:ship_trophy_isa_modded_subtypes:Back.
100:ship_trophy_isa_close:Cut the comm link.",
shipTrophyIsaSubtypeUnlocked,ShipTrophyIsaSubtypeState,"IsaContactRulesCMD currentSubtypeActive
IsaContactRulesCMD currentSubtypeUnlocked","FireAll ShipTrophyIsaSubtypeUnlockedText
FireBest ShipTrophyIsaSubtypeUnlockedOptions",,,
shipTrophyIsaSubtypeUnlockedText,ShipTrophyIsaSubtypeUnlockedText,,"SetTextHighlightColors hColor hColor hColor
SetTextHighlights $shipTrophyIsaSubtypeCurrentDp $shipTrophyIsaSubtypeUnlockDp $shipTrophyIsaSubtypeShowcaseName","Showcase progress: $shipTrophyIsaSubtypeCurrentDp / $shipTrophyIsaSubtypeUnlockDp DP worth of $shipTrophyIsaSubtypeShowcaseName ships.

Isa drags the $shipTrophyIsaSubtypeShowcaseName display records into a single stack. For a moment the diagrams fight each other, then snap into one clean pattern.

""There. The samples finally agree on what they were trying to do,"" she says. ""Or at least they are lying consistently now.""",,
shipTrophyIsaSubtypeUnlockedOptionsNewVanilla,ShipTrophyIsaSubtypeUnlockedOptions,"!IsaContactRulesCMD currentSubtypeUnlockSeen
!IsaContactRulesCMD currentSubtypeModded","SetOptionColor ship_trophy_isa_subtype_unlock_current highlight
SetTooltip ship_trophy_isa_subtype_unlock_current ""Isa has completed the $shipTrophyIsaSubtypeHullmodName modspec.""
SetShortcut ship_trophy_isa_close ""ESCAPE""",,"0:ship_trophy_isa_subtype_unlock_current:""What did they teach you?""
90:ship_trophy_isa_subtypes:Back.
100:ship_trophy_isa_close:Cut the comm link.",
shipTrophyIsaSubtypeUnlockedOptionsSeenVanilla,ShipTrophyIsaSubtypeUnlockedOptions,"IsaContactRulesCMD currentSubtypeUnlockSeen
!IsaContactRulesCMD currentSubtypeModded","SetTooltip ship_trophy_isa_subtype_unlock_current ""Isa has completed the $shipTrophyIsaSubtypeHullmodName modspec.""
SetShortcut ship_trophy_isa_close ""ESCAPE""",,"0:ship_trophy_isa_subtype_unlock_current:""What did they teach you?""
90:ship_trophy_isa_subtypes:Back.
100:ship_trophy_isa_close:Cut the comm link.",
shipTrophyIsaSubtypeUnlockedOptionsNewModded,ShipTrophyIsaSubtypeUnlockedOptions,"!IsaContactRulesCMD currentSubtypeUnlockSeen
IsaContactRulesCMD currentSubtypeModded","SetOptionColor ship_trophy_isa_subtype_unlock_current highlight
SetTooltip ship_trophy_isa_subtype_unlock_current ""Isa has completed the $shipTrophyIsaSubtypeHullmodName modspec.""
SetShortcut ship_trophy_isa_close ""ESCAPE""",,"0:ship_trophy_isa_subtype_unlock_current:""What did they teach you?""
90:ship_trophy_isa_modded_subtypes:Back.
100:ship_trophy_isa_close:Cut the comm link.",
shipTrophyIsaSubtypeUnlockedOptionsSeenModded,ShipTrophyIsaSubtypeUnlockedOptions,"IsaContactRulesCMD currentSubtypeUnlockSeen
IsaContactRulesCMD currentSubtypeModded","SetTooltip ship_trophy_isa_subtype_unlock_current ""Isa has completed the $shipTrophyIsaSubtypeHullmodName modspec.""
SetShortcut ship_trophy_isa_close ""ESCAPE""",,"0:ship_trophy_isa_subtype_unlock_current:""What did they teach you?""
90:ship_trophy_isa_modded_subtypes:Back.
100:ship_trophy_isa_close:Cut the comm link.",
shipTrophyIsaSubtypeUnlockSelected,DialogOptionSelected,$option == ship_trophy_isa_subtype_unlock_current,"IsaContactRulesCMD prepareCurrentSubtype
FireBest ShipTrophyIsaSubtypeUnlockState",,,
shipTrophyIsaSubtypeUnlockVanilla,ShipTrophyIsaSubtypeUnlockState,"IsaContactRulesCMD currentSubtypeActive
IsaContactRulesCMD currentSubtypeUnlocked
!IsaContactRulesCMD currentSubtypeModded","IsaContactRulesCMD markCurrentSubtypeSeen
SetTextHighlightColors hColor
SetTextHighlights $shipTrophyIsaSubtypeReceipt
SetShortcut ship_trophy_isa_close ""ESCAPE""","""Enough."" Isa signs the file with one quick stroke and sends it to your terminal. ""The yard crews have their modspec.""

$shipTrophyIsaSubtypeReceipt

""Frame it, will ya?""","0:ship_trophy_isa_subtypes:Back.
100:ship_trophy_isa_close:Cut the comm link.",
shipTrophyIsaSubtypeUnlockModded,ShipTrophyIsaSubtypeUnlockState,"IsaContactRulesCMD currentSubtypeActive
IsaContactRulesCMD currentSubtypeUnlocked
IsaContactRulesCMD currentSubtypeModded","IsaContactRulesCMD markCurrentSubtypeSeen
SetTextHighlightColors hColor
SetTextHighlights $shipTrophyIsaSubtypeReceipt
SetShortcut ship_trophy_isa_close ""ESCAPE""","""Enough."" Isa signs the file with one quick stroke and sends it to your terminal. ""The yard crews have their modspec.""

$shipTrophyIsaSubtypeReceipt

""Frame it, will ya?""","0:ship_trophy_isa_modded_subtypes:Back.
100:ship_trophy_isa_close:Cut the comm link.",
shipTrophyIsaSubtypeUnlockFailed,ShipTrophyIsaSubtypeUnlockState,!IsaContactRulesCMD currentSubtypeActive,"SetShortcut ship_trophy_isa_close ""ESCAPE""","""Not yet,"" Isa says. ""The display pattern isn't stable enough.""","0:ship_trophy_isa_open:Back.
100:ship_trophy_isa_close:Cut the comm link.",
shipTrophyIsaSubtypeUnlockNoLongerReady,ShipTrophyIsaSubtypeUnlockState,"IsaContactRulesCMD currentSubtypeActive
!IsaContactRulesCMD currentSubtypeUnlocked","SetShortcut ship_trophy_isa_close ""ESCAPE""","""Not yet,"" Isa says. ""The display pattern isn't stable enough.""","0:ship_trophy_isa_open:Back.
100:ship_trophy_isa_close:Cut the comm link.",
shipTrophyIsaJoinReady,DialogOptionSelected,"$option == ship_trophy_isa_join_fleet
!IsaContactRulesCMD alreadyJoined
IsaContactRulesCMD canJoin","SetOptionColor ship_trophy_isa_join_fleet_confirm highlight
SetTooltip ship_trophy_isa_join_fleet_confirm ""Isa will join your officer roster.""
SetShortcut ship_trophy_isa_close ""ESCAPE""","For once, Isa has no slate in her hands. No schematics, no lists, no half-disassembled parts balanced on the furniture. Just a travel case at her feet and a hard little smile she is trying, unsuccessfully, to hide.

""The Hall can run without me staring over its shoulder now,"" she says. ""Every ledger is clean. Every weird old hull has taught us what it was going to teach from a dock. So if you'll have me, Captain, I want to join you. I want to see what legacies looks like when they're being made.""","0:ship_trophy_isa_join_fleet_confirm:""Let's go write history.""
90:ship_trophy_isa_open:Back.
100:ship_trophy_isa_close:Cut the comm link.",
shipTrophyIsaJoinAlready,DialogOptionSelected,"$option == ship_trophy_isa_join_fleet
IsaContactRulesCMD alreadyJoined","SetTextHighlightColors hColor
SetTextHighlights ""Isa has already joined your fleet as an officer.""
SetShortcut ship_trophy_isa_close ""ESCAPE""",Isa has already joined your fleet as an officer.,"0:ship_trophy_isa_open:Back to contact dialogue.
100:ship_trophy_isa_close:Cut the comm link.",
shipTrophyIsaJoinIncomplete,DialogOptionSelected,"$option == ship_trophy_isa_join_fleet
!IsaContactRulesCMD alreadyJoined
!IsaContactRulesCMD canJoin","SetShortcut ship_trophy_isa_close ""ESCAPE""",The Hall of Triumph is not quite ready for Isa to leave her workshop yet.,"0:ship_trophy_isa_open:Back to contact dialogue.
100:ship_trophy_isa_close:Cut the comm link.",
shipTrophyIsaJoinConfirm,DialogOptionSelected,"$option == ship_trophy_isa_join_fleet_confirm
!IsaContactRulesCMD alreadyJoined
IsaContactRulesCMD canJoin","IsaContactRulesCMD grantOfficer
SetTextHighlightColors hColor
SetTextHighlights ""Isa has joined your fleet as an officer.""
SetShortcut ship_trophy_isa_close ""ESCAPE""",Isa has joined your fleet as an officer.,"0:ship_trophy_isa_open:Back to contact dialogue.
100:ship_trophy_isa_close:Cut the comm link.",Direct success response; avoids a second result-dispatch trigger.
shipTrophyIsaJoinConfirmAlready,DialogOptionSelected,"$option == ship_trophy_isa_join_fleet_confirm
IsaContactRulesCMD alreadyJoined","SetTextHighlightColors hColor
SetTextHighlights ""Isa has already joined your fleet as an officer.""
SetShortcut ship_trophy_isa_close ""ESCAPE""",Isa has already joined your fleet as an officer.,"0:ship_trophy_isa_open:Back to contact dialogue.
100:ship_trophy_isa_close:Cut the comm link.",Direct stale-confirmation fallback.
shipTrophyIsaJoinConfirmIncomplete,DialogOptionSelected,"$option == ship_trophy_isa_join_fleet_confirm
!IsaContactRulesCMD alreadyJoined
!IsaContactRulesCMD canJoin","SetShortcut ship_trophy_isa_close ""ESCAPE""",The Hall of Triumph is not quite ready for Isa to leave her workshop yet.,"0:ship_trophy_isa_open:Back to contact dialogue.
100:ship_trophy_isa_close:Cut the comm link.",Direct stale-confirmation fallback.
shipTrophyIsaBarPrompt,ShipTrophyIsaBarPrompt,,,"A lean, red-haired spacer with her overalls still dusted in machine oil and soot watches the traffic from the dockside bar at $shipTrophyIsaBarMarketName. Her crew has staked out a bar table under a spread of projected hull sections. They're in the middle of some lively debate over the feasibility of some kind of ship technology. Coaxial weaponry, by the looks of it. Her eyes glint as she sees hull after hull move in and out of the designated display berth.",0:ship_trophy_isa_bar_begin:Approach the salvager watching the Hall of Triumph traffic.,CSV-owned prompt; Java substitutes the event object required by BaseBarEvent.
shipTrophyIsaBarIntro,ShipTrophyIsaBarIntro,,,"Her crew whispers as you approach and hurriedly clean up the blueprints. The spacer, however, turns and beams at you.

She sticks out a daintier hand than you were expecting.

""Call me Isa. Chief nanoforge architect of Customa Ship Architectures. You're $shipTrophyIsaBarPlayerRank $shipTrophyIsaBarPlayerName, right?""","0:ship_trophy_intro_greeting:""Welcome to $shipTrophyIsaBarMarketName, ma'am and gentlemen.""
10:ship_trophy_intro_ludd:""Bright and true. Ludd's peace be on you.""
20:ship_trophy_intro_respect:""So you've heard of me. Nice to know someone on this rock respects me.""",CSV-owned first meeting.
shipTrophyIsaBarGreeting,ShipTrophyIsaBarGreeting,,FireAll ShipTrophyIsaBarPitch,"Isa does an exaggerated curtsy.

""Ma'am!"" she repeats. ""Hear that?"" She calls over her shoulder, to the genial cheers of her men. ""We're respectable citizens now!""

Isa straightens and gives your entourage an appraising look. Her gaze passes over the uniforms, the sidearms, and finally the power-armored marines at your back. You swear you can see her smile widen.",,Greeting branch before the shared pitch.
shipTrophyIsaBarLudd,ShipTrophyIsaBarLudd,,FireAll ShipTrophyIsaBarPitch,"Isa places one hand over her heart and does an exaggerated clasp of her hands in prayer.

""And on you, $shipTrophyIsaBarPlayerRank. May your reactors run cool, your seals hold pressure, and every unexploded missile stay that way until someone else finds it. Aaaaa-Men.""

She smiles.

""Every spacer finds religion eventually. Usually right after the life-support alarms start.""",,Luddic greeting branch before the shared pitch.
shipTrophyIsaBarRespect,ShipTrophyIsaBarRespect,,"IsaContactRulesCMD showBodyguards
SetTextHighlightColors $shipTrophyIsaMarineOneColor $shipTrophyIsaMarineTwoColor
SetTextHighlights $shipTrophyIsaMarineOneLine $shipTrophyIsaMarineTwoLine","Isa glances at your power-armored bodyguards flanking you.

She points.

""$shipTrophyIsaMarineOneLine"" one of your oldest marines says.

""$shipTrophyIsaMarineTwoLine"" The other huffs.","0:ship_trophy_intro_respect_2:""I hate you both.""",Marine banter branch.
shipTrophyIsaBarRespectTwo,ShipTrophyIsaBarRespectTwo,,FireAll ShipTrophyIsaBarPitch,"""Uh huh..."" Isa raises an eyebrow.",,Marine banter rejoinder before the shared pitch.
shipTrophyIsaBarPitch,ShipTrophyIsaBarPitch,,,"""Well, I'll cut to the chase, $shipTrophyIsaBarPlayerRank."" Isa looks up. ""I saw your vanity project out there. Your 'Hall of Triumph'. All those amazing ships with hundreds of cycles of history... I want you to hire us to research those ship frames.""

Isa looks out to the window wall that makes up the bar. For the first time, her eyes steady and her gaze turns far away. Another ship is floating in from dock, being towed into your museum. ""It really is incredible...""",0:ship_trophy_intro_explanation_2:We've got ship engineers already.,Shared hiring pitch.
shipTrophyIsaBarPitchTwo,ShipTrophyIsaBarPitchTwo,,"SetShortcut ship_trophy_leave ""ESCAPE""","""Not like us you don't."" Isa grins. ""We'll work on commish. Just bring my team enough examples of those specialized hullframes, and I can work our magicks on modularizing the upgrades.""","0:ship_trophy_intro_explanation_3:""Stars above. You can really do that?""
100:ship_trophy_leave:Leave her to her crew.",Second hiring pitch beat.
shipTrophyIsaBarPitchThree,ShipTrophyIsaBarPitchThree,,"SetShortcut ship_trophy_leave ""ESCAPE""","""My team is the best in the sector. I'm the best in the entire Domain."" Isa raises her fist and pulls you in with her other hand into a bump. ""I promise you that.""","0:ship_trophy_accept:""Show me.""
100:ship_trophy_leave:Leave her to her crew.",Final hiring decision.
shipTrophyIsaBarAccepted,ShipTrophyIsaBarAccepted,,"SetTextHighlightColors hColor hColor
SetTextHighlights ""Isa is now listed as a contact"" $shipTrophyIsaBarMarketName
PlaySound ui_contact_developed
SetShortcut ship_trophy_leave ""ESCAPE""","Isa gives a brisk nod. ""Good. I'll rent an office 'round here by today. Ask around for Isa Leicester if you want a read on the collection.""

Isa is now listed as a contact at $shipTrophyIsaBarMarketName.",100:ship_trophy_leave:Return to the bar.,Contact acceptance; lifecycle state remains in Java.
shipTrophyIsaHallCompletion,ShipTrophyIsaHallCompletion,,"SetTextHighlightColors hColor hColor
SetTextHighlights $shipTrophyIsaCompletionHomeName ""Hall of Triumph is complete""
SetOptionColor ship_trophy_hall_complete_leave highlight
SetTooltip ship_trophy_hall_complete_leave ""Isa has joined the fleet, and the Hall of Triumph stands complete.""
PlaySound ui_contact_developed
SetShortcut ship_trophy_hall_complete_leave ""ESCAPE""","A private channel opens on the fleet's command display. Isa is standing only a few steps away, but she has routed a live gallery feed from $shipTrophyIsaCompletionHomeName across the screen before saying anything.

The view settles on ranks of restored hulls beneath the gallery lights, each faction's doctrine preserved in steel, circuitry, and old scars.

""I wanted to see it from out here,"" Isa says at last. ""The whole thing at once. One last time, before I leave.""

""You've done it, Captain. The Hall of Triumph is done. Not finished, mind you; places like this are never finished. But every core ledger is preserved under one roof. Not under war, but peace.""

Isa glances from the distant gallery to the fleet around you. ""The Hall can preserve what came before. From here on, we get to make what comes next. Thank you for giving me a place in it.""","0:ship_trophy_hall_complete_leave:Welcome aboard, Chief.",CSV-owned Hall completion cinematic.
shipTrophyIsaShatteredRingHomecoming,OpenInteractionDialog,IsaHomecomingCMD shouldShow score:30000,IsaHomecomingCMD prepare,"Shattered Ring comes into view one broken section at a time.

Three vast arcs circle the barren moon below, each turning at a slightly different rate. Pressurized bridges, cargo gantries, and naked lengths of structural cable span some of the gaps. Others remain open to space, their severed ends capped with bulkheads scavenged from old ships.

The self-governing colony looks less constructed than prevented from falling apart. Isa appears beside the navigation station and plants both hands on your navigator’s desk.

""Take us around the dark side.""

Your navigator glances at the approach plot.

""Traffic beacon’s directing us sunward.""

""That traffic beacon’s been wrong since I was twelve.""

As if summoned by the insult, the comm channel crackles.

""Approaching fleet, inbound bearing zero-three-five, elevation minus one-two. Reduce velocity and prepare to receive docking procedures—""

Isa leans over the console.

""Arthur? Tell Garret it’s me.""

There is a long pause.

""Isaac?"" another voice says. ""Thought we were finally rid of you.""

""Call me that again and I’ll come up there and kick your butt all over comms.""

Garret laughs.

""Roger that. Take the locals' approach queue. You know the way. Over.""

Isa closes the channel.

""Bay Fourteen,"" she tells the navigator, pointing at a row of glowing beacons hidden behind one of the arcs.","0:ship_trophy_isa_homecoming_isaac:""Isaac?""
10:ship_trophy_isa_homecoming_familiar:""You seem familiar with the place.""",Expanded one-time homecoming scene when officer Isa returns to the Shattered Ring.
shipTrophyIsaShatteredRingHomecomingIsaac,DialogOptionSelected,$option == ship_trophy_isa_homecoming_isaac,FireAll ShipTrophyIsaHomecomingDocking,"Isa points a finger at you.

""Shut up.""",,Isa refuses to discuss the old name before docking.
shipTrophyIsaShatteredRingHomecomingNo,DialogOptionSelected,$option == ship_trophy_isa_homecoming_no,FireAll ShipTrophyIsaHomecomingDocking,"""No questions. No jokes. No telling the bodyguards.""

Behind you, one of your bodyguards discreetly opens a note on their slate.

Isa points at them too.

""Wei. I can see you.""",,Isa catches Wei taking notes before docking.
shipTrophyIsaShatteredRingHomecomingFamiliar,DialogOptionSelected,$option == ship_trophy_isa_homecoming_familiar,FireAll ShipTrophyIsaHomecomingDocking,"""I grew up here.""

Isa studies the approaching station.

""Mostly in Arc Two. Arc One had the good machine shops, but their gravity used to cut out whenever the ore processor started.""",,Isa identifies the Ring as her childhood home.
shipTrophyIsaShatteredRingHomecomingDocking,ShipTrophyIsaHomecomingDocking,,,"Bay Fourteen accepts your approaching fleet with a tremendous metallic cacophony.

The entire docking tube shudders as the clamps engage. Something heavy strikes the outer hull, tumbles away, and disappears beneath the berth.

Isa waits for the noise to stop.

""Perfect.""

Everyone on your bridge exchanges looks. The docking tube groans again. Your flagship shifts in its berth with a tremendous crunch.

""Even more perfect.""

By the time you reach the main concourse, word has spread.

Dockworkers call to Isa from the overhead gantries. A food vendor reaches across his counter to press a foil-wrapped pastry into her hand. Someone shouts that the recycler on Level Six is making the drinking water taste metallic again.

A child in an oversized pressure suit runs up and presents her with a cracked maneuvering thruster valve. Isa crouches, turns it over in her hands, and tells him which seal needs replacing.

Before you have crossed half the concourse, one of your bodyguards is carrying a crate of machine parts for an elderly mechanic. Another is holding a ladder steady while Isa points out a flickering light panel for an electrician.

Nobody has asked who you are.","0:ship_trophy_isa_homecoming_missed:""I see you’ve missed them too.""
10:ship_trophy_isa_homecoming_charged:""Are we charging for these repairs?""",Shared Shattered Ring docking sequence.
shipTrophyIsaShatteredRingHomecomingMissed,DialogOptionSelected,$option == ship_trophy_isa_homecoming_missed,FireAll ShipTrophyIsaHomecomingForeman,"""I didn’t say I missed anybody.""

The light above her flickers twice, then steadies.

From the floor below, someone calls, ""We missed you too, Isaac!""

Isa closes her eyes.",,Isa fails to conceal that she missed the Ring.
shipTrophyIsaShatteredRingHomecomingCharged,DialogOptionSelected,$option == ship_trophy_isa_homecoming_charged,,"Isa looks back from the ladder.

""You own a fleet. You're basically royalty around here.""

She returns to the light panel.

""This is the oblige part.""","0:ship_trophy_isa_homecoming_noblesse:""My favorite part of being royalty. Noblesse oblige.""",The player asks whether Isa's repairs are billable.
shipTrophyIsaShatteredRingHomecomingNoblesse,DialogOptionSelected,$option == ship_trophy_isa_homecoming_noblesse,FireAll ShipTrophyIsaHomecomingForeman,,,Converges on the salvage foreman.
shipTrophyIsaShatteredRingHomecomingForeman,ShipTrophyIsaHomecomingForeman,,,"An old salvage foreman is waiting when Isa climbs down.

He wears a patched station utility suit, its original insignia hidden beneath decades of repairs. Under one arm, he carries a narrow metal case marked with faded cryogenic-handling symbols.

Isa’s good humor disappears.

""Where did you get that?""

""Found it behind the plating in Calder’s old storeroom,"" the foreman says. ""Station council was clearing out abandoned property.""

He holds the case toward her.

The people passing through the concourse give the three of you a wide berth. Finally, Isa wipes her hands against her trousers and accepts the case.

""Thanks.""

The foreman nods. Before leaving, he looks toward you.

""She was wrapped in that when we found her. I used it as a changing mat for the first few weeks, too.""

Isa throws a glove at the man.

""You didn’t have to tell $playerHimOrHer that.""

""Why not? You weren’t going to.""

The old man laughs, then disappears into the crowd.","0:ship_trophy_isa_homecoming_private:""We can open it somewhere private.""
10:ship_trophy_isa_homecoming_silent:Say nothing.",The foreman returns the suit in which Isa was found.
shipTrophyIsaShatteredRingHomecomingPrivate,DialogOptionSelected,$option == ship_trophy_isa_homecoming_private,FireAll ShipTrophyIsaHomecomingWorkshop,,,The player suggests privacy.
shipTrophyIsaShatteredRingHomecomingSilent,DialogOptionSelected,$option == ship_trophy_isa_homecoming_silent,FireAll ShipTrophyIsaHomecomingWorkshop,,,The player silently follows Isa.
shipTrophyIsaShatteredRingHomecomingWorkshop,ShipTrophyIsaHomecomingWorkshop,,,"Isa leads you through the station without speaking.

You descend through Arc Two, past hydroponics bays and crowded habitation decks, until the finished corridors give way to exposed conduits and old pressure doors.

The gravity weakens with each level.

Isa adjusts automatically, shortening her steps whenever the deck shifts beneath her. Your bodyguards are less graceful. One catches the overhead piping to avoid drifting into a wall.

At last, Isa opens an abandoned machine shop.

Several names have been carved into the pressure door. Hers is among them, scratched low enough that whoever wrote it must have been very young.

ISA LESESTER IS DA BEST.

She sets the case on an old workbench. Inside is a child-sized bundle of pressure fabric, folded carefully beneath a transparent preservation sheet.

The material was once white. Radiation and age have yellowed it almost to brown. Several sections have been cut from a much larger suit and crudely flextaped together, turning the spacesuit into something more like a cradle.

A blackened name strip remains attached to the collar.

LEICESTER, ISAAC.

Isa touches two fingers to the transparent sheet.

""This is where they got it,"" she says. ""My name.""","0:ship_trophy_isa_homecoming_named:""You were named after the suit?""",Isa opens the preserved suit in an abandoned childhood workshop.
shipTrophyIsaShatteredRingHomecomingNamed,DialogOptionSelected,$option == ship_trophy_isa_homecoming_named,,"""I’m a ‘pod person.’ They thawed me out of a cryopod when I was still a baby, all swaddled up in that.""

Isa gives you a smile.

""I went by the name on the label until I was old enough to realize ‘Isaac’ was a man’s name.""","0:ship_trophy_isa_homecoming_scan:""Cryosuspension that young is almost unheard of. Standard protocols prohibit it below eight cycles.""",Isa explains the borrowed name.
shipTrophyIsaShatteredRingHomecomingScan,DialogOptionSelected,$option == ship_trophy_isa_homecoming_scan,,"""My great claim to fame,"" Isa says, smiling. ""Youngest ‘pod person’ on my Arc.""

A small metal contact is visible beneath the scorched collar.

Isa stops smiling.

""That wasn’t there before.""

She releases the preservation seal and carefully lifts the suit onto the workbench. The fabric crackles as she turns the collar over, shedding small flecks of decayed plastic onto the surface below.

The frayed insulation has exposed an identification wafer embedded beneath the name strip.

Isa removes her slate.

On scan, her slate’s display splits into dozens of windows. Her delta-level AI agents begin testing ancient authentication protocols, interpolating damaged sectors, and comparing the wafer against surviving Domain registries.

""You don’t have to stay,"" she says.","0:ship_trophy_isa_homecoming_go:""Let me know when you need me.""
10:ship_trophy_isa_homecoming_stay:""I don’t have to go.""",Isa finds a concealed identification wafer inside the suit.
shipTrophyIsaShatteredRingHomecomingGo,DialogOptionSelected,$option == ship_trophy_isa_homecoming_go,,"Isa glances at you, then nods.

""Thanks, $playerRank.""","0:ship_trophy_isa_homecoming_privacy:""I’ll give you privacy. Wei, Yvan.""",The player offers Isa privacy.
shipTrophyIsaShatteredRingHomecomingPrivacy,DialogOptionSelected,$option == ship_trophy_isa_homecoming_privacy,FireAll ShipTrophyIsaHomecomingRegistryOne,"You walk out with your bodyguards, leaving Isa to it.

Outside the workshop, Shattered Ring creaks and groans around you. Pumps cycle behind the walls. Somewhere far below, a cargo lift begins its slow ascent through the arc.

You had finally cornered Yvan in your chess match. It was going to be weeks before you rolled a Chess960 setup that good again.

After a few minutes, Isa calls from the workshop.",,The player waits outside with Wei and Yvan.
shipTrophyIsaShatteredRingHomecomingStay,DialogOptionSelected,$option == ship_trophy_isa_homecoming_stay,FireAll ShipTrophyIsaHomecomingRegistryOne,"Isa glances at you, then nods.

""Thanks, $playerRank.""

And she returns to the slate.

Minutes pass.

Outside the workshop, Shattered Ring creaks and groans around you. Pumps cycle behind the walls. Somewhere far below, a cargo lift begins its slow ascent through the arc.",,The player remains with Isa.
shipTrophyIsaShatteredRingHomecomingRegistryOne,ShipTrophyIsaHomecomingRegistryOne,,,"One of the windows on Isa’s slate turns green. A personal log opens.",0:ship_trophy_isa_homecoming_registry_two:Play the recovered log.,Isa opens Personal Log 1765 from the hidden wafer.
shipTrophyIsaShatteredRingHomecomingRegistryTwo,DialogOptionSelected,$option == ship_trophy_isa_homecoming_registry_two,"GanEdenQuestCMD showInitialLog
FireAll ShipTrophyIsaHomecomingHypershuntKnowledgeOptions","The log ends.

Isa remains motionless, staring at the author field.

LEICESTER, ISAAC THOMAS.

She looks down at the faded label inside the spacer suit.

Then back at the identification wafer.

""So he was real.""

She scrolls through the recovered file again.

""Director of Engineering. Architect of the Continuity Office. Hypershunts.""",,Isa recognizes the real Isaac Leicester in the recovered log.
shipTrophyIsaShatteredRingHomecomingReal,DialogOptionSelected,$option == ship_trophy_isa_homecoming_real,FireAll ShipTrophyIsaHomecomingRealization,,,Both responses converge on Isa's realization.
shipTrophyIsaShatteredRingHomecomingKnew,DialogOptionSelected,$option == ship_trophy_isa_homecoming_knew,FireAll ShipTrophyIsaHomecomingRealization,,,Both responses converge on Isa's realization.
shipTrophyIsaShatteredRingHomecomingRealization,ShipTrophyIsaHomecomingRealization,,,"""Yeah.""

Isa enlarges the redacted assignment field. Her agents attack it from every direction, but the text dissolves into meaningless fragments.

""He put me in that suit. Registered me under his clearance. Maybe loaded the pod too.""

She stares at the name above hers.

""I always figured whoever loaded the pod grabbed whatever was nearby. Found me, found the suit, wrapped me up in it, then chucked me in.""

Her fingers tighten around the edge of the workbench.

""But he knew I was there.""","0:ship_trophy_isa_homecoming_search:""We can search the surviving registries.""
10:ship_trophy_isa_homecoming_owe:""You don’t owe a dead man an investigation.""",Isa realizes Isaac deliberately registered and protected her.
shipTrophyIsaShatteredRingHomecomingSearch,DialogOptionSelected,$option == ship_trophy_isa_homecoming_search,FireAll ShipTrophyIsaHomecomingBeginSearch,,,The player offers to search.
shipTrophyIsaShatteredRingHomecomingOwe,DialogOptionSelected,$option == ship_trophy_isa_homecoming_owe,FireAll ShipTrophyIsaHomecomingBeginSearch,"""No.""

Isa looks down at the old name strip.

""But I owe myself one.""

You hear her add, almost beneath her breath:

""And I don’t actually know that he’s dead...""",,Isa chooses the investigation for herself.
shipTrophyIsaShatteredRingHomecomingBeginSearch,ShipTrophyIsaHomecomingBeginSearch,,,"Isa returns to the slate.

Her agents scatter through the surviving Domain archives, following Isaac Leicester’s registry number through personnel rosters, departmental accounts, procurement records, and damaged transit indexes.

Most references vanish as soon as they begin to resolve.

DCR-2F38-CB017-6A

The number appears beside a Heliostructural Systems roster.

Then a classified procurement authorization.

Then a personnel-transfer order whose destination disappears beneath another INFOSEC warning.

Isa opens the failed queries side by side.

""What are you doing?"" you ask.

""Looking at how they break.""

She groups the failures by their distorted output. Fields concealing the same information collapse in nearly identical ways.

Isa’s agents begin finding matches.

CLEARANCE — ELEVEN CORRESPONDING RECORDS
STATUS — DETAINEE PROCESSING
LAST ASSIGNMENT — ONE CORRESPONDING RECORD

Isa selects the final match.",0:ship_trophy_isa_homecoming_transit:Continue.,Isa attacks the INFOSEC redactions through their failure patterns.
shipTrophyIsaShatteredRingHomecomingTransit,DialogOptionSelected,$option == ship_trophy_isa_homecoming_transit,,"A damaged manifest opens above the workbench.

PENELOPE’S STAR GATE TRANSIT AUTHORITY
OUTBOUND PASSENGER CONTROL

Most of the record is unreadable. Names and registry numbers emerge briefly between broken columns and access warnings.

One line illuminates.

GATE OUTBOUND TRANSIT AUTHORIZATION
PASSENGER: INFOSEC RESTRICTED
CITIZEN REGISTRY: INFOSEC RESTRICTED
ORIGIN: PENELOPE’S STAR
DECLARED DESTINATION: SOL
TRANSIT STATUS: AUTHORIZED

Isa places the manifest beside Isaac’s citizen record.

Both restricted fields fail in precisely the same way.

She watches the paired distortions repeat.

Then she says:

""That’s him.""",0:ship_trophy_isa_homecoming_final_transit:Continue.,The matched failure pattern identifies Isaac's transit record.
shipTrophyIsaShatteredRingHomecomingFinalTransit,DialogOptionSelected,$option == ship_trophy_isa_homecoming_final_transit,,"Isa opens the surviving end of the manifest.

FINAL OUTBOUND AUTHORIZATION
PASSENGER COUNT: 1
ORIGIN: PENELOPE’S STAR
DESTINATION: INFOSEC REDACTED
RING STATUS: OPERATIONAL

She studies the two destination fields.

""His declared destination was Sol.""

Her agents probe the second field. A few characters appear, then collapse beneath a new warning.

DESTINATION: SUPER ALABASTER RESTRICTED

Isa frowns.

""Super Alabaster.""","0:ship_trophy_isa_homecoming_alabaster:""Meaning?""",The last pre-Collapse transit used a concealed destination.
shipTrophyIsaShatteredRingHomecomingAlabaster,DialogOptionSelected,$option == ship_trophy_isa_homecoming_alabaster,FireAll ShipTrophyIsaHomecomingHypershuntKnowledgeOptions,"""Meaning whoever buried this didn’t want the destination turning up anywhere else.""

Isa opens the surrounding archive references.

The restriction has propagated through transit logs, personnel orders, and every surviving copy linked to the authorization. Each record breaks at the same point.

""Can you recover it?"" you ask.

""Not from this.""

She continues sorting the remaining collisions.

Two infrastructure designations recur beside Isaac’s registry number.

CORONAL HYPERSHUNT — NETWORK AUTHORIZATION
CORONAL HYPERSHUNT — NETWORK AUTHORIZATION

Isa enlarges them.

""He worked on the hypershunts.""",,Isa finds two hypershunt network authorizations.
shipTrophyIsaShatteredRingHomecomingHypershuntsKnownOption,ShipTrophyIsaHomecomingHypershuntKnowledgeOptions,GanEdenQuestCMD hasKnownHypershunt,,,"0:ship_trophy_isa_homecoming_hypershunts_known:""We’ve seen those before. They’re guarded by extremely dangerous automated ships. They call themselves ‘Omega.’""",Uses the experienced-player branch when a hypershunt is already active.
shipTrophyIsaShatteredRingHomecomingHypershuntsUnknownOption,ShipTrophyIsaHomecomingHypershuntKnowledgeOptions,!GanEdenQuestCMD hasKnownHypershunt,,,"0:ship_trophy_isa_homecoming_hypershunts_unknown:""Hypershunts?""",Uses the explanatory branch before either hypershunt is active.
shipTrophyIsaShatteredRingHomecomingHypershuntsKnown,DialogOptionSelected,$option == ship_trophy_isa_homecoming_hypershunts_known,FireAll ShipTrophyIsaHomecomingHypershuntsCompare,"Isa looks up sharply.

""Omega? AI ships?""

She turns back to the log.

""What were you doing, Isaac...?""",,Isa learns about the Omega guardians.
shipTrophyIsaShatteredRingHomecomingHypershuntsUnknown,DialogOptionSelected,$option == ship_trophy_isa_homecoming_hypershunts_unknown,FireAll ShipTrophyIsaHomecomingHypershuntsCompare,"""Incredibly old, pre-Collapse technology,"" Isa says. ""They draw power directly from a star.""

She brings up the relevant records.

""Only two are known to have survived in the Sector.""",,Isa explains the two surviving hypershunts.
shipTrophyIsaShatteredRingHomecomingHypershuntsCompare,ShipTrophyIsaHomecomingHypershuntsCompare,,,"Isa scrolls back through the log.

""He oversaw both of them. He ran the office responsible for keeping the project alive across centuries.""

She taps the author field.

""If there are any records left of him, that’s where they’ll be.""

Isa finishes copying the surviving log and INFOSEC failures to her slate.

For a while, she says nothing. The old suit remains spread across the workbench between you, Isaac Leicester’s name blackened but still legible beneath the collar. Then she closes the file.

""Captain.""

Her voice has lost its earlier lightness.

""I know this isn’t fleet business. But somebody went to a lot of trouble to hide whatever he was building. I don’t think I’m going to get much further by myself.""

Isa looks directly at you.

""I want to find out who Isaac Leicester was. What happened to him. How his suit ended up wrapped around me.""

She hesitates.

""I’m also asking for your help.""","0:ship_trophy_isa_homecoming_accept_command:""Our chief engineer’s business is fleet business.""
10:ship_trophy_isa_homecoming_accept_cautious:""We’ll visit the hypershunts. We’ll see where they lead.""",Isa asks for help following the wafer log to both hypershunts.
shipTrophyIsaShatteredRingHomecomingThenVisit,DialogOptionSelected,$option == ship_trophy_isa_homecoming_then_visit,FireAll ShipTrophyIsaHomecomingDecision,,,The player commits to visiting both structures.
shipTrophyIsaShatteredRingHomecomingWhatTell,DialogOptionSelected,$option == ship_trophy_isa_homecoming_what_tell,FireAll ShipTrophyIsaHomecomingDecision,"""I don’t know yet.""

Isa highlights the matching authorization residue.

""But this is the first thing I’ve found that the redaction didn’t completely erase.""

She closes the manifest.

""If they still carry any part of the old routing record, I can work from there.""",,Isa explains what she can recover.
shipTrophyIsaShatteredRingHomecomingDecision,ShipTrophyIsaHomecomingDecision,,,"Isa finishes copying the surviving records to her slate.

For a while, she says nothing. The old suit remains spread across the workbench between you, Isaac Leicester’s name blackened but still legible beneath the collar.

Then she closes the registry.

""Captain.""

Her voice has lost its earlier lightness.

""I know this isn’t fleet business.""

She rests one hand on the metal case.

""But somebody went to a lot of trouble to bury him. Domain INFOSEC, old registry locks, whatever was left in those records. I don’t think I’m going to get much further by myself.""

Isa looks directly at you.

""I want to find out who Isaac Leicester was. What happened to him. Why he put me in that pod.""

She hesitates.

""I’m also asking for your help.""","0:ship_trophy_isa_homecoming_accept_command:""My chief engineer’s business is fleet business.""
10:ship_trophy_isa_homecoming_accept_cautious:""We’ll visit the hypershunts. We’ll see where they lead.""",Isa formally asks for the player's help.
shipTrophyIsaShatteredRingHomecomingAcceptCommand,DialogOptionSelected,$option == ship_trophy_isa_homecoming_accept_command,,"Isa gives you a small, crooked smile.

""That a direct order?""","0:ship_trophy_isa_homecoming_direct_order:""Don't make your commanding officer repeat themself.""",Commanding response to Isa's request.
shipTrophyIsaShatteredRingHomecomingDirectOrder,DialogOptionSelected,$option == ship_trophy_isa_homecoming_direct_order,FireAll ShipTrophyIsaHomecomingPrepareSearch,"She snaps a salute.

""Aye-aye, $playerRank.""",,Isa accepts the direct order.
shipTrophyIsaShatteredRingHomecomingAcceptCautious,DialogOptionSelected,$option == ship_trophy_isa_homecoming_accept_cautious,FireAll ShipTrophyIsaHomecomingPrepareSearch,"""That’s all I’m asking.""",,Cautious response to Isa's request.
shipTrophyIsaShatteredRingHomecomingPrepareSearch,ShipTrophyIsaHomecomingPrepareSearch,,"SetShortcut ship_trophy_isa_homecoming_return ""ESCAPE""","Isa transfers the recovered log, the wafer registry number, and the INFOSEC failures into a new directory.

The folder remains unnamed for several seconds.

Then she enters:

ISAAC THOMAS LEICESTER

[Quest started: A Borrowed Name]

[Objective updated: Investigate both surviving hypershunts.]",0:ship_trophy_isa_homecoming_return:Return to the fleet.,The expanded homecoming starts A Borrowed Name.
shipTrophyIsaShatteredRingHomecomingReturn,DialogOptionSelected,$option == ship_trophy_isa_homecoming_return,"IsaHomecomingCMD markSeen
FireBest OpenInteractionDialog",,,Marks the homecoming complete and resumes normal docking.
shipTrophyGanEdenHypershuntPatherGuard,OpenInteractionDialog,GanEdenQuestCMD isHypershuntGuard luddic_path score:70000,"GanEdenQuestCMD prepareHypershuntGuard
SetShortcut ship_trophy_gan_eden_hypershunt_leave ""ESCAPE""","A large Pather fleet holds position between you and the hypershunt.

Their commander answers your hail. He wears a scorched pressure suit marked with lines of handwritten scripture.

""This place is forbidden. Turn your fleet around.""","0:ship_trophy_gan_eden_hypershunt_pather_records:""We only need access to the hypershunt’s records.""
10:ship_trophy_gan_eden_hypershunt_pather_fight:""Move aside.""
100:ship_trophy_gan_eden_hypershunt_leave:Withdraw.",Quest-specific Pather blockade at one Coronal Hypershunt.
shipTrophyGanEdenHypershuntPatherRefusal,DialogOptionSelected,$option == ship_trophy_gan_eden_hypershunt_pather_records,"SetStoryOption ship_trophy_gan_eden_hypershunt_pather_persuade 1 shipTrophyGanEdenPatherPersuade technology ""Persuaded the Pather blockade to stand aside""
SetShortcut ship_trophy_gan_eden_hypershunt_leave ""ESCAPE""","""Knowledge is another form of temptation.""

The commander shakes his head.

""You will not approach.""","0:ship_trophy_gan_eden_hypershunt_pather_persuade:Use a story point to speak to him as one of the faithful.
10:ship_trophy_gan_eden_hypershunt_pather_fight:""Then we’ll go through you.""
100:ship_trophy_gan_eden_hypershunt_leave:Withdraw.",Story-point and combat resolutions for the Pather blockade.
shipTrophyGanEdenHypershuntPatherPersuade,DialogOptionSelected,$option == ship_trophy_gan_eden_hypershunt_pather_persuade,GanEdenQuestCMD clearHypershuntGuard,"You lower your voice.

""The machine is not the object of our pilgrimage. We seek only what the servants of Moloch tried to bury within it.""

You speak of false wonders, poisoned knowledge, and the duty of the faithful to expose the sins of the old Domain without claiming its power for themselves.

The commander studies you for a long moment.

At last, he bows his head.

""Then go, brother. Cleanse the taint of Moloch from the heavens! For the Prophet!""

The Pather fleet begins clearing the approach corridor.",0:ship_trophy_gan_eden_hypershunt_approach:Approach the hypershunt.,Spending a story point clears the Pather blockade.
shipTrophyGanEdenHypershuntPatherFight,DialogOptionSelected,$option == ship_trophy_gan_eden_hypershunt_pather_fight,"SetShortcut ship_trophy_gan_eden_hypershunt_leave ""ESCAPE""","The commander’s expression hardens.

""Then may Moloch lay with your dead!""

The channel closes.

[The Luddic Path fleet moves to engage.]","0:ship_trophy_gan_eden_hypershunt_engage:Engage.
100:ship_trophy_gan_eden_hypershunt_leave:Withdraw.",The Pather commander prepares for battle.
shipTrophyGanEdenHypershuntPirateGuard,OpenInteractionDialog,GanEdenQuestCMD isHypershuntGuard pirates score:70000,"GanEdenQuestCMD prepareHypershuntGuard
SetShortcut ship_trophy_gan_eden_hypershunt_leave ""ESCAPE""","A pirate fleet blocks the approach to the hypershunt.

Their commander answers your hail with their boots resting on the console.

""Nice machine, isn’t it? Shame you got here after we claimed it.""","0:ship_trophy_gan_eden_hypershunt_pirate_records:""We only need access to its records.""
10:ship_trophy_gan_eden_hypershunt_pirate_fight:""Move your fleet.""
100:ship_trophy_gan_eden_hypershunt_leave:Withdraw.",Quest-specific pirate claim at the other Coronal Hypershunt.
shipTrophyGanEdenHypershuntPiratePrice,DialogOptionSelected,$option == ship_trophy_gan_eden_hypershunt_pirate_records,"SetStoryOption ship_trophy_gan_eden_hypershunt_pirate_persuade 1 shipTrophyGanEdenPiratePersuade technology ""Negotiated professional courtesy from the pirate blockade""
FireAll ShipTrophyGanEdenHypershuntPiratePayOptions
SetShortcut ship_trophy_gan_eden_hypershunt_leave ""ESCAPE""","""Sure. Records.""

The commander grins.

""You can have whatever you like after you pay the docking fee.""","10:ship_trophy_gan_eden_hypershunt_pirate_persuade:Use a story point to negotiate like a pirate.
20:ship_trophy_gan_eden_hypershunt_pirate_fight:""We’ll pay in ordnance.""
100:ship_trophy_gan_eden_hypershunt_leave:Withdraw.","Offers payment, a story point, or combat."
shipTrophyGanEdenHypershuntPiratePayOption,ShipTrophyGanEdenHypershuntPiratePayOptions,GanEdenQuestCMD canPayHypershuntPirates,,,"0:ship_trophy_gan_eden_hypershunt_pirate_pay:Pay 250,000 credits.",Only offers payment when the player can afford it.
shipTrophyGanEdenHypershuntPiratePay,DialogOptionSelected,$option == ship_trophy_gan_eden_hypershunt_pirate_pay,GanEdenQuestCMD payHypershuntPirates,"You authorize the transfer.

The pirate commander checks the amount, then finally takes their boots off the console.

""Pleasure doing business.""

The pirate fleet begins clearing the approach corridor.

""Try not to break anything expensive.""

[Lost 250,000 credits.]",0:ship_trophy_gan_eden_hypershunt_approach:Approach the hypershunt.,The paid resolution clears the pirate blockade.
shipTrophyGanEdenHypershuntPiratePersuade,DialogOptionSelected,$option == ship_trophy_gan_eden_hypershunt_pirate_persuade,GanEdenQuestCMD clearHypershuntGuard,"You tell them they can charge whatever they like.

After your fleet docks.

Then you explain what happens to pirates who demand payment before the customer is surrounded, stationary, and attached to something fragile.

The commander slowly lowers their boots.

""Right.""

They glance toward someone outside the transmitter’s view.

""Professional courtesy.""

The pirate fleet clears the approach corridor.

""Go on through.""",0:ship_trophy_gan_eden_hypershunt_approach:Approach the hypershunt.,Spending a story point clears the pirate blockade.
shipTrophyGanEdenHypershuntPirateFight,DialogOptionSelected,$option == ship_trophy_gan_eden_hypershunt_pirate_fight,"SetShortcut ship_trophy_gan_eden_hypershunt_leave ""ESCAPE""","The commander takes their boots off the console.

""Wrong answer.""

The channel closes.

[The pirate fleet moves to engage.]","0:ship_trophy_gan_eden_hypershunt_engage:Engage.
100:ship_trophy_gan_eden_hypershunt_leave:Withdraw.",The pirate commander prepares for battle.
shipTrophyGanEdenHypershuntEngage,DialogOptionSelected,$option == ship_trophy_gan_eden_hypershunt_engage,"GanEdenQuestCMD engageHypershuntGuard
DismissDialog",,,Hands the committed blockade to the normal fleet battle interaction.
shipTrophyGanEdenHypershuntApproach,DialogOptionSelected,$option == ship_trophy_gan_eden_hypershunt_approach,"GanEdenQuestCMD prepareHypershuntInvestigation
FireAll ShipTrophyGanEdenHypershuntInvestigate",,,Continues directly from a peaceful blockade resolution into the survey.
shipTrophyGanEdenHypershuntTapInvestigate,OpenInteractionDialog,GanEdenQuestCMD canInvestigateHypershunt score:65000,"GanEdenQuestCMD prepareHypershuntInvestigation
FireAll ShipTrophyGanEdenHypershuntInvestigate",,,Opens the survey after a blockade is defeated in combat.
shipTrophyGanEdenHypershuntTapBlocked,OpenInteractionDialog,GanEdenQuestCMD isBlockedHypershunt score:64000,"SetShortcut ship_trophy_gan_eden_hypershunt_leave ""ESCAPE""","A large armed fleet holds the approach corridor. Any attempt to reach the hypershunt will have to deal with the blockade first.",100:ship_trophy_gan_eden_hypershunt_leave:Leave.,Prevents the vanilla interaction from bypassing an active blockade.
shipTrophyGanEdenHypershuntTapSurveyed,OpenInteractionDialog,GanEdenQuestCMD isSurveyedHypershunt score:63000,"SetShortcut ship_trophy_gan_eden_hypershunt_leave ""ESCAPE""","Isa’s survey markers remain distributed across the hypershunt. Its concealed routing record has already been recovered.",100:ship_trophy_gan_eden_hypershunt_leave:Leave.,Repeat interaction with the first surveyed hypershunt.
shipTrophyGanEdenHypershuntInvestigate,ShipTrophyGanEdenHypershuntInvestigate,,,"With the approach corridor clear, your fleet closes on the hypershunt.

The structure grows across the forward display until it no longer resembles a machine. Black towers rise through the stellar corona, joined by collector vanes and transmission spines large enough to eclipse cities. Streams of plasma bend around it in slow, incandescent arches.

Isa stands beside the sensor station, slate in hand.

""We’ll need to map the whole thing.""

She begins assigning survey patterns across the fleet.

""Field geometry. Collector alignment. Residual phase harmonics. Anything the Domain tuned by hand.""",0:ship_trophy_gan_eden_hypershunt_survey:Begin the survey.,Isa prepares a full hypershunt survey.
shipTrophyGanEdenHypershuntRecords,DialogOptionSelected,$option == ship_trophy_gan_eden_hypershunt_survey,,"Your fleet spends several days circling the hypershunt.

Sensor craft trace the curvature of its containment fields. Gravimetric probes measure distortions along the transmission spines. Isa’s agents compare the results against surviving Domain engineering standards and the concealed routing data recovered at Shattered Ring.

Most of the structure follows standard automated tolerances.

Several sections do not.

Tiny deviations recur across the hypershunt’s oldest assemblies: corrections too consistent to be random, repeated through construction phases separated by centuries.

Isa overlays them.

A familiar authorization pattern emerges from the accumulated calibration data.

DCR-2F38-CB017-6A
LEICESTER, ISAAC THOMAS
CONTINUITY AUTHORITY

Isa leans closer.

""That’s him.""

The same pattern appears in the hypershunt’s transmission geometry, attached to a routing vector concealed beneath SUPER ALABASTER restriction.

[A sealed personal log is embedded beside the routing data.]",0:ship_trophy_gan_eden_hypershunt_read_log:Open the recovered personal log.,Finds the next Epitaph entry without resolving the survey until it is read.
shipTrophyGanEdenHypershuntReadLog,DialogOptionSelected,$option == ship_trophy_gan_eden_hypershunt_read_log,"GanEdenQuestCMD surveyHypershunt
FireAll ShipTrophyGanEdenHypershuntSurveyResult",,,,Recovers Epitaph Part II at the first scanned hypershunt and Part III at the second.
shipTrophyGanEdenHypershuntSurveyPending,ShipTrophyGanEdenHypershuntSurveyResult,GanEdenQuestCMD hypershuntSurveyPending,"SetShortcut ship_trophy_gan_eden_hypershunt_leave ""ESCAPE""","The recording terminates abruptly.

Isa does not move.

The hypershunt burns across the forward display behind her, its black superstructure suspended within the stellar corona.

After a long silence, she looks down at the microchip connected to her slate.

""His daughter.""

She swallows.

""He put her in cryosuspension.""

The carrier signal continues repeating beneath the silence.

Isa scrolls back through the recovered fragments, reading the same lines again.

""He never named her.""

""I know,"" she says before you can answer.

Isa grips the edge of her slate.

""The suit. His identification. This chip.""

She shakes her head.

""But that pod was opened centuries after this was recorded. I don’t know what happened between. I don’t know why he put me there.""

Isa returns to the carrier data.

""The message is riding the same transmission geometry as the classified routing signal.""

She separates the two patterns. A narrow vector appears on the tactical display, extending away from the hypershunt and into unexplored space.

""This gives us direction.""

Isa enlarges the projection and looks toward the location of the remaining hypershunt.

""We need the other signal.""

[The first hypershunt routing vector has been recovered.]",100:ship_trophy_gan_eden_hypershunt_leave:Return to the fleet.,The first survey points to the remaining hypershunt.
shipTrophyGanEdenHypershuntSurveyComplete,ShipTrophyGanEdenHypershuntSurveyResult,GanEdenQuestCMD hypershuntSurveyComplete,,"The recording ends.

Isa remains fixed on the last line.

Nothing changed.

The hypershunt’s signal begins repeating beneath it, carrying the words back into the stellar corona.

Isa stops the playback.

""He forgot her face.""

She says it quietly.

""Mom’s.""

Her fingers remain poised above the slate.","0:ship_trophy_gan_eden_log_three_damaged:""Centuries of cryosuspension damaged him.""
10:ship_trophy_gan_eden_log_three_tried:""He tried to change things.""",Both surveys recover the final routing record.
shipTrophyGanEdenLogThreeDamaged,DialogOptionSelected,$option == ship_trophy_gan_eden_log_three_damaged,FireAll ShipTrophyGanEdenHypershuntSurveyCompleteFinal,"""I know.""

Isa rubs at one eye. She looks back at the frozen image of Isaac’s authorization header.

""He spent all that time building a future for his daughter, and by the end he couldn’t even remember the woman he was building it for.""",,Isa considers the damage of centuries in cryosuspension.
shipTrophyGanEdenLogThreeTried,DialogOptionSelected,$option == ship_trophy_gan_eden_log_three_tried,FireAll ShipTrophyGanEdenHypershuntSurveyCompleteFinal,"""He did.""

Isa looks at the final line again. She exhales through her nose.

""I don’t know whether he’s confessing or asking whoever hears this to forgive him.""

A pause.

""Maybe he didn’t know either.""",,Isa considers Isaac's attempt to change the Domain.
shipTrophyGanEdenHypershuntSurveyCompleteFinal,ShipTrophyGanEdenHypershuntSurveyCompleteFinal,,"SetShortcut ship_trophy_gan_eden_hypershunt_leave ""ESCAPE""","Isa returns to the carrier data.

The second hypershunt’s signal contains the same concealed routing pattern as the first, shifted by centuries of stellar drift and accumulated error.

She aligns the two vectors.

They intersect far beyond the charted systems of the Sector, on the northeastern rim of the Orion-Perseus Abyss.

A destination marker appears.

Isa stares at it.

""That’s where he sent this from.""

She enlarges the projection.

""And whatever he helped build is still there.""

[The location of POWER TRANSIT GATE - GAN EDEN has been determined.]

[Objective updated: Travel to the Power Transit Gate and enter Gan Eden.]",100:ship_trophy_gan_eden_hypershunt_leave:Set a course.,Both routing vectors reveal the isolated physical Power Transit Gate.
shipTrophyGanEdenHypershuntLeave,DialogOptionSelected,$option == ship_trophy_gan_eden_hypershunt_leave,DismissDialog,,,
shipTrophyGanEdenExternalRing,OpenInteractionDialog,GanEdenQuestCMD isExternalRing score:50000,"SetShortcut ship_trophy_gan_eden_ring_leave ""ESCAPE""","POWER TRANSIT GATE - GAN EDEN hangs alone at the center of an empty, starless system. Its adamantine surface is awake. Within the aperture, impossible depth folds toward the sealed world beyond.","0:ship_trophy_gan_eden_ring_enter:Enter the Power Transit Gate.
100:ship_trophy_gan_eden_ring_leave:Leave.",Quest-gated entrance to Gan Eden.
shipTrophyGanEdenExternalRingEnter,DialogOptionSelected,$option == ship_trophy_gan_eden_ring_enter,"GanEdenQuestCMD transitIn
DismissDialog",,,Transfers the player into Gan Eden.
shipTrophyGanEdenInternalRing,OpenInteractionDialog,GanEdenQuestCMD isInternalRing score:50000,"SetShortcut ship_trophy_gan_eden_ring_leave ""ESCAPE""","The Eden Transit Ring frames a narrow wound in the sealed world's geometry. Its connection remains synchronized with POWER TRANSIT GATE - GAN EDEN.","0:ship_trophy_gan_eden_ring_exit:Traverse the Gate.
100:ship_trophy_gan_eden_ring_leave:Remain in Gan Eden.",Permanent exit from Gan Eden to the isolated Power Transit Gate.
shipTrophyGanEdenInternalRingExit,DialogOptionSelected,$option == ship_trophy_gan_eden_ring_exit,"GanEdenQuestCMD transitOut
DismissDialog",,,Transfers the player back to POWER TRANSIT GATE - GAN EDEN.
shipTrophyGanEdenRingLeave,DialogOptionSelected,$option == ship_trophy_gan_eden_ring_leave,DismissDialog,,,
shipTrophyGanEdenSurfaceLog,OpenInteractionDialog,GanEdenQuestCMD canRecoverSurfaceLog score:62000,"GanEdenQuestCMD prepareSurfaceLog
SetShortcut ship_trophy_gan_eden_surface_log_leave ""ESCAPE""",,"0:ship_trophy_gan_eden_surface_log_recover:Recover the surviving record.
100:ship_trophy_gan_eden_surface_log_leave:Leave the archive sealed.",One-time recoverable archive at each Gan Eden settlement site.
shipTrophyGanEdenSurfaceLogRecover,DialogOptionSelected,$option == ship_trophy_gan_eden_surface_log_recover,GanEdenQuestCMD recoverSurfaceLog,,0:ship_trophy_gan_eden_surface_log_continue:Continue.,Files the recovered record under Gan Eden Archives in Intel.
shipTrophyGanEdenSurfaceLogContinue,DialogOptionSelected,$option == ship_trophy_gan_eden_surface_log_continue,FireBest OpenInteractionDialog,,,Returns to the site interaction or offers the second Tree of Life record.
shipTrophyGanEdenSurfaceLogLeave,DialogOptionSelected,$option == ship_trophy_gan_eden_surface_log_leave,DismissDialog,,,
shipTrophyGanEdenEpitaph,OpenInteractionDialog,GanEdenQuestCMD shouldShowEpitaph score:60000,GanEdenQuestCMD prepareEpitaph,"With Cherubim and Lahat Haharev gone, the elevator's interdiction field is silent.

Isa's inherited suit transponder opens the outer doors. The lift descends through kilometers of dead infrastructure before stopping at a continuity-office archive sealed away from the inhabited surface.

Four recovered records authenticate in sequence. A fifth file unlocks beneath them:

EPITAPH — FINAL",0:ship_trophy_gan_eden_epitaph_five:Open the final entry with Isa.,The post-battle Space Elevator yields only Epitaph Final.
shipTrophyGanEdenEpitaphOne,DialogOptionSelected,$option == ship_trophy_gan_eden_epitaph_one,GanEdenQuestCMD prepareEpitaphLog part_one,"RECOVERED PERSONAL LOG
AUTHOR: LEICESTER, ISAAC THOMAS
FILE: EPITAPH — PART I

My name is Isaac Thomas Leicester, Director of Engineering for Heliostructural Systems in the Persean Sector.

My work included the construction of the coronal hypershunts and, later, Project Eden.

The projects were expected to take centuries. Eden might have required more than a thousand years before reaching its final design capacity. No ordinary succession of administrators could preserve the technical knowledge, institutional memory, and design intent required over such a span.

The Domain therefore established a continuity office. Its directors would serve across generations, entering cryosuspension between major phases of construction and returning whenever the work required their judgment.

I was elected to lead it.

The appointment required me to spend hundreds of years at a time in cryosuspension. I would sleep through epochs of construction, wake for major design reviews, inspect the work and approve the next phase.

The first hypershunt was already under construction when I accepted the appointment. It was intended to collect energy directly from a star and make that power available to automated construction systems far beyond any ordinary network.

The engineering difficulties were substantial.

The structure had to remain stable inside a star’s corona. Its collection systems had to survive constant radiation and violent changes in stellar activity. The transfer network had to carry more power in one moment than entire inhabited systems had ever consumed.

We lost dozens of unmanned assembly swarms before completing the first stable framework.

The second hypershunt was approved before the first reached full capacity. Its design incorporated everything we had learned. Construction proceeded more quickly, although centuries still passed outside my chamber.

Each waking period lasted several months, even years. I met engineers whose grandparents had worked under engineers I remembered. I approved changes to systems designed by people who had passed while I slept. The Domain expanded between each waking.

New systems joined the Gate network. Problems once considered impossible became trivial. I believed I was watching humanity mature, but I did not yet understand what was being lost.

When both hypershunts became operational, the Directorate approved the project they had been built to support.

I proposed the name Gan Eden, after the sacred garden of God.

I should have named it Babel.

It was to be the Domain’s first enclosed star: a Dyson world built around a select yellow star found on the far outskirts of the Persean Sector. The internal surface would hold continents, oceans, cities, farms, and wilderness. At planned density, it could support several quintillion people.

I believed that the ability to construct such a world proved that the Domain deserved to continue expanding.

I was wrong. It was an affront to God.",0:ship_trophy_gan_eden_epitaph_two:Continue to Part II.,Isaac describes the continuity office and construction of Gan Eden.
shipTrophyGanEdenEpitaphTwo,DialogOptionSelected,$option == ship_trophy_gan_eden_epitaph_two,GanEdenQuestCMD prepareEpitaphLog part_two,"RECOVERED PERSONAL LOG
AUTHOR: LEICESTER, ISAAC THOMAS
FILE: EPITAPH — PART II

Before the continuity office was established, I lived at Telepylus Station with my wife, Rebecca Anne Sarai.

Our daughter was born there. Rebecca passed and joined God that same day. A vascular condition had been identified too late for treatment.

I had already been considered for the proposed continuity office. The appointment would require its director to spend centuries in cryosuspension, waking only when the projects required his judgment.

Before Rebecca’s death, I had intended to refuse.

With her gone, I thought I had no more reason to live in the present. So I told myself I would live for the future instead.

I would accept the appointment, complete the work, resign, and wake my daughter into the world Rebecca and I had intended for her.

That was the arrangement I made with myself.

I pretended it was an arrangement with God.

I hate myself.

I hate myself.

I hate myself—",0:ship_trophy_gan_eden_epitaph_three:Continue to Part III.,Isaac explains why he placed his infant daughter in cryosuspension.
shipTrophyGanEdenEpitaphThree,DialogOptionSelected,$option == ship_trophy_gan_eden_epitaph_three,GanEdenQuestCMD prepareEpitaphLog part_three,"RECOVERED PERSONAL LOG
AUTHOR: LEICESTER, ISAAC THOMAS
FILE: EPITAPH — PART III

I froze my daughter before I had properly named her.

I visited her often. I inspected her chamber, reviewed the medical reports, and repeated tests the technicians had already completed. She remained healthy and unchanged while centuries passed outside.

The Domain did not remain unchanged.

I saw a decay. The soul of Man gangrenous and rotting.

I met an Armada veteran cleaning coolant residue from a station floor. A reactor leak had destroyed half his face. His pension had been suspended because the archive containing his service record no longer existed.

I offered to help. He asked only that I help his daughter obtain a transit permit.

Seventy-two years passed. I never found out what happened to him or his daughter.

Nothing changed.

During another waking period, I met a woman who had spent years moving between ports because she could not obtain employment without proof of residence, or residence without proof of employment. The station classified her as a transient clearance burden.

Years blurred together. I can't tell if it was the repeated cryosuspensions or my deteriorating mind, but at some point I couldn't distinguish faces. I even forgot Rebecca's face.

Rebecca.

You understood this before I did. You once told me that the Domain was the greatest work of man that had ever been made, and that was why it was so grotesque.

I began speaking publicly. At first, I presented reports and projections. The Directorate thanked me and established a commission.

Nothing changed.

I said that human beings were not obsolete machinery. I said that a civilization should be judged by those it could help and chose not to. I said that every person carried the image of God, whether or not the Domain could locate the correct record for them.

People began gathering to hear me. The gatherings became demonstrations. Security forces were deployed. People were injured, then killed.

I continued speaking, but I don't know why. With my mouth I drove lambs to the slaughter, and with my hands and my work I forged the knives the Domain of Man plunged into their necks. Who was I to speak out against the great Whore of Babylon whilst I was her greatest slave?

Nothing changed.",0:ship_trophy_gan_eden_epitaph_four:Continue to Part IV.,Isaac records his break with the Domain.
shipTrophyGanEdenEpitaphFour,DialogOptionSelected,$option == ship_trophy_gan_eden_epitaph_four,GanEdenQuestCMD prepareEpitaphLog part_four,"RECOVERED PERSONAL LOG
AUTHOR: LEICESTER, ISAAC THOMAS
FILE: EPITAPH — PART IV

The Domain arrested me for insurrection.

At trial, they presented my speeches, correspondence, and engineering reports. I denied very little. When the Sector Governor asked whether I recognized the absolute authority of the Domain of Man, I told him that all human authority was subordinate to God.

They found me guilty.

I was kept under house arrest at Telepylus Station while preparations were made to return me to Sol for sentencing. They still needed my knowledge of Gan Eden, and some of its oldest systems continued to recognize my credentials.

Finally, I decided to end it.

The hypershunts supplied Gan Eden through the Gate network. Their full output passed through the rings as energy before reaching the sphere’s master control system. I intended to seize a transport, pass through the Penelope’s Star Gate, enter the control complex, and redirect the full output of both hypershunts into Gan Eden.

The sphere would be destroyed. I intended to die with it.

I escaped confinement, commandeered the transport, and changed its destination after the transit sequence began.

Telepylus security had already identified the ship, and I expected the escort to follow me through the Gate within seconds. Instead, the patrol craft broke formation before they reached the ring. Traffic control began issuing emergency orders over one another, several ships stopped answering, and the Gate-status displays failed in rapid succession.

I did not know what had drawn their attention away from me, only that the route to Gan Eden was still open. I entered the coordinates, drove the transport through at maximum thrust, and emerged into the restricted system without pursuit. Gan Eden’s control network accepted my credentials immediately. I seized the approach corridor and pushed the ship toward the master control complex before whatever was happening at Penelope’s Star could close the way behind me.

Oh, hosanna. Hosaana in the higehest.

Despite its hubris and its separation from God, Gan Eden was the most beautiful place in the entire universe.

Once inside the system, I abandoned the transport and took a shuttle to the master control complex at the space elevator. For less than a second, the system behaved exactly as I had intended. Then the Gate network began shutting down around me.

The conduits carrying the hypershunt output vanished before the power could reach Gan Eden. With nowhere else to go, the discharge collapsed back through the nearest ring still connected to the transfer system: Penelope’s Star.

I watched the impossibility of Adamantine shattering like clay on the control display and break apart. A moment later, every other Gate disappeared from the network.

Sol was gone. Telepylus was gone. There was no route back.

I intended to die in Gan Eden.

Instead, I was left alive inside it.",0:ship_trophy_gan_eden_epitaph_five:Continue to the final entry.,Isaac describes the Collapse and the shattering of Penelope's Star's ring.
shipTrophyGanEdenEpitaphFinalDynamic,DialogOptionSelected,$option == ship_trophy_gan_eden_epitaph_five,GanEdenQuestCMD showEpitaphLog final,,0:ship_trophy_gan_eden_epitaph_stay:Close the log and stay with Isa.,Displays the current Final entry directly from dialogue/Logs.ink.
shipTrophyGanEdenEpitaphFive,DialogOptionSelected,$option == ship_trophy_gan_eden_epitaph_five_legacy_unused,GanEdenQuestCMD prepareEpitaphLog final,"RECOVERED PERSONAL LOG
AUTHOR: LEICESTER, ISAAC THOMAS
FILE: EPITAPH — FINAL

I am dying.

I have lived alone in Gan Eden for thirty-six years.

I spent the first several years searching the cities, shelters, maintenance tunnels, and transit stations. I transmitted on every emergency frequency that still worked.

No one answered. I knew no one would. The last human technicians had left Gan Eden centuries before, when its construction passed entirely to the automated swarms. I was the one who signed off on that order.

I eventually settled in this place I named Galilee, repaired one of the old agricultural houses, and learned to farm. When I was not working, I wandered the shell. I walked through empty cities, forests planted by machines, and coastlines no human being had ever seen. It is a never-ending day here, as if it were before God separated Light from Darkness.

Gan Eden remained beautiful.

Oh, God.

I also continued trying to restore the Gate connection to Penelope’s Star. At first, I told myself I was trying to rescue my daughter. I admit now that I only want to know whether I killed her.

Oh, my daughter.

Rebecca wanted to name you Leah.

To Leah, my beautiful daughter I never knew:

I saved you for a future I believed I could build. I kept you asleep while I chased some arrogant dream across centuries. Then when the world failed to become what I envisioned, I abandoned you to your fate.

Neither you nor God owe me any forgiveness.

I prayed for you every day. I prayed for Rebecca. I prayed for the dead, and for the living I had condemned without ever knowing their names.

I do not know whether God heard me.

Until today.

Today, the Gate system finally answered.

It did not connect to Penelope’s Star or any other Gate I knew. Instead, two angels arrived through the Gate and began descending toward Gan Eden.

The first resembles a winged figure, though my instruments cannot hold its shape for more than a moment. The second turns within lines of fire like a burning sword. They burn with the light of God and race through the sky like searing chariots.

I have named them Cherubim and the Lahat Ha-cherev.

Surely the Lord has sent them down here as gatekeepers of a false paradise. Beneath their contemptuous gaze, I will be judged as I commit my soul to God.

Leah, I hope someone found you.

I hope they gave you a life beyond mine, and a name that belonged to you. I hope you were raised by people who loved you without asking you to carry their grief, their faith, or their failures. I hope that when you looked toward the future, you saw something of your own choosing rather than the ruins of what I had planned for you.

I hope you laughed every day. I hope you were stubborn like Rebecca. I hope you were kinder than I became. I hope you found love in this world, children of your own, and a home. I hope you found the blessings of God beneath these infinite heavens.

I hope that one day you know this:

I love you, Leah.

Isaac Thomas Leicester.",0:ship_trophy_gan_eden_epitaph_stay:Close the log and stay with Isa.,Isaac's final entry names Isa Leah and describes the Golden Shards.
shipTrophyGanEdenEpitaphStay,DialogOptionSelected,$option == ship_trophy_gan_eden_epitaph_stay,"GanEdenQuestCMD finishEpitaphLogs
GanEdenQuestCMD markEpitaph
SetShortcut ship_trophy_gan_eden_epitaph_leave ""ESCAPE""","The final log ends.

The elevator observation deck looks out across the impossible inward horizon. Isa says nothing for a long time.

Then she begins telling Isaac Thomas Leicester about the Shattered Ring: the wreck-farms, the revival ward, the terrible food, and every impossible ship that carried her farther than he could have imagined.

No answer comes from the empty world. This time, she does not seem to need one.",0:ship_trophy_gan_eden_epitaph_leave:Return to the fleet.,The final Space Elevator record completes Isa's personal investigation.
shipTrophyGanEdenEpitaphLeave,DialogOptionSelected,$option == ship_trophy_gan_eden_epitaph_leave,DismissDialog,,,
shipTrophyGanEdenEpitaphNeedsIsa,OpenInteractionDialog,GanEdenQuestCMD epitaphNeedsIsa score:55000,"SetShortcut ship_trophy_gan_eden_epitaph_leave ""ESCAPE""","The elevator's continuity archive recognizes Isa Leicester's inherited suit transponder, but she is not present to answer its identity challenge. You will need to return with Isa in the fleet.",0:ship_trophy_gan_eden_epitaph_leave:Leave.,Prevents resolving Isa's family story without Isa.
shipTrophyGanEdenEpitaphInspected,OpenInteractionDialog,GanEdenQuestCMD epitaphInspected score:55000,"SetShortcut ship_trophy_gan_eden_epitaph_leave ""ESCAPE""","The silent Space Elevator remains open above Gan Eden. Its final Leicester record is secure in the fleet archives.",0:ship_trophy_gan_eden_epitaph_leave:Leave.,Repeat interaction after the final archive scene.
shipTrophyIsaFactionVisitHegemony,OpenInteractionDialog,IsaFactionVisitCMD shouldShow hegemony score:10000,"IsaFactionVisitCMD prepare hegemony
","As your fleet joins $marketName's approach queue, Isa disappears from the bridge. You find her pressed face-first against the glass of an observation blister, watching Hegemony-pattern ships parade one by one down a parallel departure queue. Her slate displays a hologram of each passing vessel, all of them carefully logged and annotated.

""Look at that armor profile,"" she says without turning. ""Every Hegemony ship looks like it expects the universe to sucker-punch it, so it makes sure to swing first. Strike hard, strike true, strike only once."" She nods approvingly. ""Decisive Battle Doctrine.""

You nod toward the security overhang crowning the docks.","0:ship_trophy_isa_hegemony_customs:""You're making friends with customs.""",One-time post-recruitment Hegemony station vignette.
shipTrophyIsaFactionVisitHegemonyCustoms,DialogOptionSelected,$option == ship_trophy_isa_hegemony_customs,,"Far above, two officers on the overhang are staring down at Isa. Then at you. One raises a slate while the other points.

Isa sinks several centimeters below the observation window. ""What's the big deal? I just wanted to watch.""","0:ship_trophy_isa_hegemony_spy:""They might think you're a spy.""",Hegemony vignette customs response.
shipTrophyIsaFactionVisitHegemonySpy,DialogOptionSelected,$option == ship_trophy_isa_hegemony_spy,,"""Fine."" Isa puts the slate away. ""This'll be fine, right?""","0:ship_trophy_isa_hegemony_not_sure:""I wouldn't be so sure.""",Hegemony vignette warning.
shipTrophyIsaFactionVisitHegemonyNotSure,DialogOptionSelected,$option == ship_trophy_isa_hegemony_not_sure,"IsaFactionVisitCMD grantHegemonyReward
PlaySound ui_acquired_blueprint
SetTextHighlightColors good
SetTextHighlights ""[Fleet sensor profile reduced by 1%]""
","It is not fine.

You and your fleet spend another fifteen hours in customs after Hegemony security confiscates Isa's slate and holds her for questioning overnight.

You eventually get your chief engineer back: grouchy, sleep-deprived, and significantly more anti-authoritarian than when she went in.

Her first act back on the bridge is to begin designing a less conspicuous observation blister for your flagship.

[Fleet sensor profile reduced by 1%]","0:ship_trophy_isa_faction_visit_continue:Continue to $marketName.",Hegemony vignette conclusion and permanent fleet reward.
shipTrophyIsaFactionVisitLeague,OpenInteractionDialog,IsaFactionVisitCMD shouldShow persean score:10000,"IsaFactionVisitCMD prepare persean
","After your fleet enters $marketName's docking queue, you exit the ship. You find Isa standing among a crowd of spectators, staring up at the star-filled sky.

A local League detachment is putting on an in-atmosphere airshow. Flights of G-10 Thunders scream overhead to delighted cheers, banking between the station's towers before scattering into precise, independent formations.

Isa, however, is silent.

A Thunder makes a particularly low pass over the concourse. Its exhaust washes through the crowd, sending coats, hats, and unsecured market displays fluttering in its wake. Isa's hair sweeps across her eyes, but her gaze never wavers. She watches the fighters climb away, one by one, before disappearing into the waiting bays of their Heron carrier.

""Look at them,"" she says quietly. ""The stats say most fighter pilots have a life expectancy measured in hours after first contact. It's a job for suicidal people, honestly.""

Her slate lights up with a purchase listing for a surplus Thunder wing.

""But for a few minutes at a time, they're the only people in the fleet who get to choose exactly where they go.""

She opens the technical specifications.

""I think I understand the appeal.""","0:ship_trophy_isa_league_rebuke:""Only until someone in CIC tells them where to go.""",One-time post-recruitment Persean League station vignette.
shipTrophyIsaFactionVisitLeagueRebuke,DialogOptionSelected,$option == ship_trophy_isa_league_rebuke,,"""$shipTrophyIsaPlayerTitle?""

Isa lowers the slate and fixes you with a sharp gaze.

""I know that from your place in the CIC, we in the fleet are probably just icons moving across a tac screen. And I know you're the one who has to make those decisions. You are, after all, the best fleet admiral in the Sector.""

Her expression softens.

""But please, once in a while... remember us.""","0:ship_trophy_isa_league_apologize:""Of course. Sorry, Isa.""
10:ship_trophy_isa_league_role:""We've all got our role to play.""
20:ship_trophy_isa_league_faithful:""No soul is merely a number in Ludd's sight.""",League vignette player response.
shipTrophyIsaFactionVisitLeagueApologize,DialogOptionSelected,$option == ship_trophy_isa_league_apologize,,"She gives an reconcilatory smile, holding your gaze for another moment before looking back toward the retreating fighters.

The purchase listing remains open on her slate.","0:ship_trophy_isa_league_purchase:""Try not to buy one before we dock.""",League vignette conciliatory response.
shipTrophyIsaFactionVisitLeagueRole,DialogOptionSelected,$option == ship_trophy_isa_league_role,"IsaFactionVisitCMD grantLeagueRebuke
SetTextHighlightColors bad
SetTextHighlights ""[Relationship with Isa reduced by 5]""
","""Hm.""

Isa turns away and busies herself with her slate.

""Sure.""

[Relationship with Isa reduced by 5]","0:ship_trophy_isa_league_purchase:""Try not to buy one before we dock.""",League vignette relationship consequence.
shipTrophyIsaFactionVisitLeagueFaithful,DialogOptionSelected,$option == ship_trophy_isa_league_faithful,,"Isa studies your face for a moment.

""Amen,"" she says, a little uncertainly.

She holds your gaze for another moment before looking back toward the retreating fighters.

The purchase listing remains open on her slate.","0:ship_trophy_isa_league_purchase:""Try not to buy one before we dock.""",League vignette faithful response.
shipTrophyIsaFactionVisitLeaguePurchase,DialogOptionSelected,$option == ship_trophy_isa_league_purchase,"IsaFactionVisitCMD grantLeaguePurchase
PlaySound ui_acquired_blueprint
SetTextHighlightColors bad good
SetTextHighlights ""[Lost 2,000 credits]"" ""[Thunder wing LPC acquired]""
","""No promises.""

Isa dismisses the purchase listing, but bookmarks the technical specifications.

""See? Restraint.""

[Lost 2,000 credits]
[Thunder wing LPC acquired]","0:ship_trophy_isa_faction_visit_continue:Continue to $marketName.",League vignette purchase and reward.
shipTrophyIsaFactionVisitTriTachyon,OpenInteractionDialog,IsaFactionVisitCMD shouldShow tritachyon score:12000,"IsaFactionVisitCMD prepare tritachyon
","The moment your fleet receives docking clearance, Isa's slate begins vibrating.

She looks down at it, frowns, and dismisses a purchase offer for replacement flux conduits.

Another appears immediately.

Then another.","0:ship_trophy_isa_tritachyon_showroom:continue",Tri-Tachyon advertising prelude.
shipTrophyIsaFactionVisitTriTachyonShowroom,DialogOptionSelected,$option == ship_trophy_isa_tritachyon_showroom,,"The next time you find her, she is standing before the panoramic window of a Tri-Tachyon show berth. Beyond the glass, an Afflictor-class frigate hangs motionless against the stars, its hull picked out by cold blue running lights.

A pleasant synthetic voice fills the concourse.

""Observe the elegance of total battlespace control.""

The Afflictor vanishes.

A heartbeat later, it reappears several kilometers away, directly behind a target drone. The drone comes apart under a burst of laser fire. Polite applause ripples through the showroom.

Isa leans toward the glass.

""...Turn rate and speed were far too high for secondary thrusters, and I don't see any extra exhaust ports,"" she mutters. ""Did those psychopaths actually disable the safety interlocks for a marketing stunt?""","0:ship_trophy_isa_tritachyon_hey:""Hey, Isa.""
10:ship_trophy_isa_tritachyon_chief:""Chief Leicester.""
20:ship_trophy_isa_tritachyon_lounge:""Have you seen the Officers' Lounge here? It's is insane. They serve drinks with monomolecular ice cubes.""",One-time post-recruitment Tri-Tachyon station vignette reconstructed from Ink.
shipTrophyIsaFactionVisitTriTachyonHey,DialogOptionSelected,$option == ship_trophy_isa_tritachyon_hey,FireBest ShipTrophyIsaTriTachyonSecond,,,Routes the Tri-Tachyon greeting.
shipTrophyIsaFactionVisitTriTachyonChief,DialogOptionSelected,$option == ship_trophy_isa_tritachyon_chief,FireBest ShipTrophyIsaTriTachyonSecond,,,Routes the Tri-Tachyon greeting.
shipTrophyIsaFactionVisitTriTachyonLounge,DialogOptionSelected,$option == ship_trophy_isa_tritachyon_lounge,FireBest ShipTrophyIsaTriTachyonSecond,,,Routes the Tri-Tachyon greeting.
shipTrophyIsaFactionVisitTriTachyonSecond,ShipTrophyIsaTriTachyonSecond,,IsaFactionVisitCMD showTriTachyonAd,,"0:ship_trophy_isa_tritachyon_third:Continue",Tri-Tachyon targeted-advertisement beat with corporate typography.
shipTrophyIsaFactionVisitTriTachyonThird,DialogOptionSelected,$option == ship_trophy_isa_tritachyon_third,IsaFactionVisitCMD showTriOSInterruption,,"0:ship_trophy_isa_tritachyon_efficient:That's efficient.
10:ship_trophy_isa_tritachyon_wary:That's creepy.",Tri-Tachyon sales-AI beat.
shipTrophyIsaFactionVisitTriTachyonEfficient,DialogOptionSelected,$option == ship_trophy_isa_tritachyon_efficient,"SetTextHighlightColors $shipTrophyIsaTriTachyonHighlight
SetTextHighlights OPTIMAL
","Isa gives you a frown.

""Efficient ain't the same thing as harmless, $shipTrophyIsaPlayerTitle.""

She turns the slate around. Beneath the financing offer is a projected repayment schedule extending several years beyond her estimated life expectancy.

""Though they did get my preferred reactor configuration right.""

Isa begins digging through the concourse app's privacy settings. Each menu opens into three more menus, all of them already set to OPTIMAL.

""I think entering the concourse counted as consent.""

She pauses.

""Possibly docking at the station counted as consent.""","0:ship_trophy_isa_tritachyon_premium:I'll spring for the premium docking package next time. Ad-free, I hear.
10:ship_trophy_isa_tritachyon_bodyguards:I think being born counted as consent. Your fault, really.",Tri-Tachyon vignette efficient response.
shipTrophyIsaFactionVisitTriTachyonWary,DialogOptionSelected,$option == ship_trophy_isa_tritachyon_wary,"SetTextHighlightColors $shipTrophyIsaTriTachyonHighlight
SetTextHighlights OPTIMAL
","""Exactly.""

Isa begins digging through the concourse app's privacy settings. Each menu opens into three more menus, all of them already set to OPTIMAL.

""I think entering the concourse counted as consent.""

She pauses.

""Possibly docking at the station counted as consent.""","0:ship_trophy_isa_tritachyon_premium:I'll spring for the premium docking package next time. Ad-free, I hear.
10:ship_trophy_isa_tritachyon_bodyguards:I think being born counted as consent. Your fault, really.",Tri-Tachyon vignette wary response.
shipTrophyIsaFactionVisitTriTachyonPremium,DialogOptionSelected,$option == ship_trophy_isa_tritachyon_premium,,"Isa snorts.

""What, premium docking means they rotate the station so you don't have to turn your ship around?""

You glance through the panoramic window; in the background, six ox tugboats are slowly maneuvering a motionless Starliner inside of its berth.","0:ship_trophy_isa_tritachyon_premium_2:""Close, actually.""",Tri-Tachyon premium-docking response.
shipTrophyIsaFactionVisitTriTachyonPremiumSecond,DialogOptionSelected,$option == ship_trophy_isa_tritachyon_premium_2,,"Isa follows your gaze.

""I hate this place.""","0:ship_trophy_isa_tritachyon_response:Continue.",Tri-Tachyon premium-docking conclusion.
shipTrophyIsaFactionVisitTriTachyonBodyguards,DialogOptionSelected,$option == ship_trophy_isa_tritachyon_bodyguards,"IsaContactRulesCMD showBodyguards
","Isa kicks you.

""I docked your mom and that counted as consent.""

You spend the next few moments kicking each other.

It is extremely unfair that your bodyguards help her kick you too.

By the time you unfold yourself from the floor, Isa already has her slate open.","0:ship_trophy_isa_tritachyon_response:Continue.",Tri-Tachyon bodyguard response.
shipTrophyIsaFactionVisitTriTachyonResponse,DialogOptionSelected,$option == ship_trophy_isa_tritachyon_response,"IsaContactRulesCMD showContactPortrait
","Isa pulls a small data wafer from her pack and plugs it into a secondary port on her slate.

Her slate's display fractures into a hundred miniature windows, each controlled by one of her own delta-level AI agents.

Bulk agricultural machinery.

Ceremonial armor polish.

Volturnian lobster breeding equipment.

Industrial quantities of devotional candles.

On her many screens, the advertisements flicker. Sleek phase ships disappear, replaced by increasingly confused offers for farming equipment, shrine furnishings, and twelve thousand liters of crustacean feed.

Isa smiles.

""There. Now we're both learning.""

Her slate vibrates again.

A complete phase-coil maintenance manual has been added to her account as a complimentary incentive.

She bookmarks it.","0:ship_trophy_isa_tritachyon_objection:I thought you objected to their methods.",Tri-Tachyon counter-advertising response.
shipTrophyIsaFactionVisitTriTachyonObjection,DialogOptionSelected,$option == ship_trophy_isa_tritachyon_objection,"IsaFactionVisitCMD grantTriTachyonReward
PlaySound ui_acquired_blueprint
SetTextHighlightColors good
SetTextHighlights ""[Monthly fleet supply consumption reduced by 1%]""
","""I hate being manipulated.""

Isa closes the Afflictor financing offer. The maintenance manual remains open. She winks.

""I like winning.""

[Monthly fleet supply consumption reduced by 1%]","0:ship_trophy_isa_faction_visit_continue:Continue to $marketName.",Tri-Tachyon vignette conclusion and permanent fleet reward.
shipTrophyIsaFactionVisitDiktatPAGSM,OpenInteractionDialog,IsaFactionVisitCMD shouldShowDiktatPAGSM score:13000,"IsaFactionVisitCMD prepare sindrian_diktat
","The concourse resembles a fuel depot rebuilt as an Andrada-themed amusement park. Purple neon traces the bulkheads. Animated Lions salute from every wall. Somewhere behind a museum gift shop and a Volturnian lobster petting pool, the same eight bars of techno begin again. Multiple clubs are playing the same song, at seemed.

The arrivals portal deposits you directly in Isa's path.

She nearly collides with you, arms piled high with Andrada merchandise, a curly straw clenched between her lips. It runs down into a massive, five-gallon novelty cup shaped like a Prometheus PM-15000.

Isa stops. She lowers her sunglasses, revealing another pair waiting underneath.

After a moment, she gives you a solemn nod, turns on her heel, walks right into one of your bodyguards, probably near blind due to the double-layers of shades she was wearing and marches back toward the command ship.","0:ship_trophy_isa_faction_visit_continue:Continue to $marketName.",PAGSM-specific Sindrian Diktat station vignette.
shipTrophyIsaFactionVisitDiktat,OpenInteractionDialog,IsaFactionVisitCMD shouldShowDiktatVanilla score:12000,"IsaFactionVisitCMD prepare sindrian_diktat
SetTextHighlightColors $shipTrophyIsaHegemonyHighlight
SetTextHighlights HEGAID
","Before clearing customs, you pass through a visitors' concourse glowing with Andradan restaurants, jewelers, and imported food.

The lights end at the customs barrier.

On the other side, you find Isa chatting with a couple of Diktat engineers beside the arrivals portal. She waves, breaks off from the conversation, and joins you.

There are no shops here. Only state dispensaries, shuttered offices, and a Diktat commissar standing on a raised pulpit, holding a portrait of Andrada above a line of workers.

""By the Lion's mercy,"" he announces, ""every loyal citizen eats. Andrada sees your glorious labor and smiles upon you!""

Through a tiny window, a clerk hands each laborer a foil-wrapped ration small enough to palm. On one of the ration packets, the Diktat emblem has been stamped slightly off-center. Beneath it, part of a Hegemony logo remains visible.

HEGAID.

Isa watches a shipforge worker tuck his ration under one arm and shuffle away. You can hear the commissar repeat his propaganda, over and over, like a chant.

""$shipTrophyIsaPlayerTitle.""","0:ship_trophy_isa_diktat_first_time:""This your first time in a Diktat station?""",One-time post-recruitment Sindrian Diktat station vignette.
shipTrophyIsaFactionVisitDiktatSecond,DialogOptionSelected,$option == ship_trophy_isa_diktat_first_time,,"""Yeah,"" Isa says. ""Can we finish things quickly here? I don't like this place.""","0:ship_trophy_isa_diktat_agree:Neither do I. We won't stay long.
10:ship_trophy_isa_diktat_chide:You seemed friendly enough with those engineers.
20:ship_trophy_isa_diktat_defend:The Diktat keeps Sindria safe. That counts for something.",Sindrian Diktat customs response.
shipTrophyIsaFactionVisitDiktatAgree,DialogOptionSelected,$option == ship_trophy_isa_diktat_agree,,"""Good."" Isa glances back at the ration line. ""I was worried you were about to suggest lunch.""","0:ship_trophy_isa_diktat_inspect:Continue.",Sindrian Diktat sympathetic response.
shipTrophyIsaFactionVisitDiktatChide,DialogOptionSelected,$option == ship_trophy_isa_diktat_chide,,"""The engineers aren't the problem."" Isa glances back at the ration line. ""They're usually the ones fixing it.""","0:ship_trophy_isa_diktat_inspect:Continue.",Sindrian Diktat chiding response.
shipTrophyIsaFactionVisitDiktatDefend,DialogOptionSelected,$option == ship_trophy_isa_diktat_defend,,"""So does that shipforge worker."" Isa watches him disappear into the crowd, ration tucked beneath his arm. ""Behold, the liberation of Philip Andrada.""","0:ship_trophy_isa_diktat_inspect:Continue.",Sindrian Diktat defense response.
shipTrophyIsaFactionVisitDiktatThird,DialogOptionSelected,$option == ship_trophy_isa_diktat_inspect,,"You leave the arrivals portal behind.

The station's traffic-control feed is crowded with Diktat hulls, every one polished for inspection. On the main display, a parade fleet of Lion's Guard ships-the supposed elite of Philip Andrada's navy.

Finally perking up, Isa zooms in on an Executor until its gilded weapon housings fill the display.

""Look at the placement of those ordnance mounts,"" she says. ""Ballistics forward for shield suppression. Energy weapons held back for armor and hull.""

She studies the altered mounts, then brings up the specifications for its Lion's Guard escorts.

""What went wrong...?""","0:ship_trophy_isa_diktat_response:You sound pained.",Sindrian Diktat parade inspection.
shipTrophyIsaFactionVisitDiktatResponse,DialogOptionSelected,$option == ship_trophy_isa_diktat_response,,"""A little, yeah.""

Isa flicks between the Executor and its escorts.

""The Executor is inspired, honestly. Its escorts are straight garbage.""

One ship drifts out of formation. The others correct a moment too late.

A white-and-purple-liveried Falcon fires its maneuvering jets and lurches sideways into its neighbor's shields, instantly overloading both ships' flux grids. Lightning arcs dance between the two hulls. You can already imagine the warning klaxons blaring through both CICs.

Isa lowers her slate and sighs.

""I'm going back to the fleet.""","0:ship_trophy_isa_faction_visit_continue:Continue to $marketName.",Sindrian Diktat vignette conclusion.
shipTrophyIsaFactionVisitChurch,OpenInteractionDialog,IsaFactionVisitCMD shouldShow luddic_church score:12000,"IsaFactionVisitCMD prepare luddic_church
","You are late leaving the docking concourse.

By the time you reach the arrivals hall, you notice a shock of familiar red hair beyond a passing line of hooded pilgrims. Curious, you approach.

Isa has been cornered beside a devotional kiosk by a nun of the Church of Galactic Redemption.

""There is joy to be found among the Sisters,"" the nun says, clasping Isa's hands. ""A life of holiness and service, far from the worldly temptations of Moloch.""

Isa carefully extracts one hand.

""That sounds real nice, ma'am, but I already have a job.""

""Whatever debt has been forced upon you, the convent can-""","0:ship_trophy_isa_church_ask:""You should probably ask what she does for a living.""
10:ship_trophy_isa_church_chaplain:""She's actually part of our fleet's Chaplain Corps""",One-time post-recruitment Luddic Church station vignette.
shipTrophyIsaFactionVisitChurchAsk,DialogOptionSelected,$option == ship_trophy_isa_church_ask,,"The nun hesitates.

""What is your vocation, child?""

Isa looks at you.

Then back at the nun.

""I'm an engineer. I design warships. Verrry advanced ones.""

The nun releases her hands.

""Oh.""

She makes a hurried sign of blessing and retreats into the crowd, while Isa crosses her arms, self-satisfied.

""What if I wanted to become a nun?"" Isa complains to you.","0:ship_trophy_isa_church_response:""What were you doing here?""",Luddic Church vocation response.
shipTrophyIsaFactionVisitChurchChaplain,DialogOptionSelected,$option == ship_trophy_isa_church_chaplain,,"The nun clasps her hands in delight.

""A fleet chaplain? Oh, child, why didn't you say so?""

Isa looks at you and silently mouths, I'm going to kill you.","0:ship_trophy_isa_church_chaplain_2:""She's just modest about her calling.""",Luddic Church chaplain setup.
shipTrophyIsaFactionVisitChurchChaplainSecond,DialogOptionSelected,$option == ship_trophy_isa_church_chaplain_2,,"""Then perhaps your fleet would contribute to our relief ministry. For the Glory of the Prophet, Sister.""

The nun presses a worn and weathered tablet into Isa's hands. On it, a donation form. Isa glances at the suggested amount, then she looks at you. Slowly, she begins to grin.","0:ship_trophy_isa_church_donate:Donate 1,000 credits.
10:ship_trophy_isa_church_escape:Briefly boost burn level at the cost of fuel and combat readiness.",Luddic Church chaplain response.
shipTrophyIsaFactionVisitChurchDonate,DialogOptionSelected,$option == ship_trophy_isa_church_donate,"IsaFactionVisitCMD grantChurchDonation
SetTextHighlightColors bad
SetTextHighlights ""[Lost 1,000 credits]""
","You authorize the transfer while the nun beams.

""May Ludd reward your generosity in heaven.""

Isa hands the tablet back.

""He already did."" She gives you a cheerful pat on the shoulder.

[Lost 1,000 credits]","0:ship_trophy_isa_church_response:""What were you doing here?""","Luddic Church donation response; deducts 1,000 credits once."
shipTrophyIsaFactionVisitChurchEscape,DialogOptionSelected,$option == ship_trophy_isa_church_escape,,"You turn and walk briskly toward the docking concourse.

Isa calls after you.

""Captain?""

You accelerate.

""Captain!""

Your bodyguards hurry to keep formation as you weave through the passing pilgrims. By the time you reach the main concourse, Isa is gaining on you.","0:ship_trophy_isa_faction_visit_continue:Continue to $marketName.",Luddic Church escape response.
shipTrophyIsaFactionVisitChurchResponse,DialogOptionSelected,$option == ship_trophy_isa_church_response,,"""Stopped by the shrine. The choir was rehearsing and I like the music.""

She looks back toward the vaulted doors. A hymn carries faintly through them, nearly lost beneath the station machinery.

""Don't make it weird.""","0:ship_trophy_isa_faction_visit_continue:Continue to $marketName.",Luddic Church vignette conclusion.
shipTrophyIsaFactionVisitPath,OpenInteractionDialog,IsaFactionVisitCMD shouldShow luddic_path score:12000,"IsaFactionVisitCMD prepare luddic_path
","A young Pather mechanic notices Isa studying an exposed power junction.

""You know reactors, sister?""

His voice is friendly. He offers her a cup of tea from the flask beside his tools.

Isa accepts it cautiously.

""A little.""

He shows her a schematic and asks how to keep an overloaded core from shutting itself down. Isa begins to answer.

Then she notices the civilian transponder codes beneath the reactor diagram.

""You aren't trying to save this ship.""

The mechanic smiles.

""No, sister.""","0:ship_trophy_isa_path_mechanic_response:Then what are you trying to do?",One-time post-recruitment Luddic Path mechanic vignette.
shipTrophyIsaFactionVisitPathMechanicResponse,DialogOptionSelected,$option == ship_trophy_isa_path_mechanic_response,,"""This craft is designated for our Martyr Corps,"" He says casually, as if discussing fuel economy, ""So we just need to keep the reactor functional in the short-term.""

Isa sets the tea down. The mechanic gives her an apologetic smile.

""Was it too sweet?""

Your Chief Engineer disappears into the command ship and doesn't come out for the rest of the trip.","0:ship_trophy_isa_faction_visit_continue:Continue to $marketName.",Luddic Path mechanic conclusion.
shipTrophyIsaFactionVisitPirates,OpenInteractionDialog,IsaFactionVisitCMD shouldShow pirates score:12000,"IsaFactionVisitCMD prepare pirates
","Isa has stopped beside the grav docks to watch the arriving ships.

One of them, a heavily modified Mudskipper, struggles to settle into its berth beneath the weight of the massive gun bolted to its frame. You seem to recognize that pattern as a Hellbore.

Isa leans over the railing.

""Look at that.""","0:ship_trophy_isa_pirates_2:""You're admiring a Mudskipper?""",One-time post-recruitment Pirate station vignette.
shipTrophyIsaFactionVisitPiratesSecond,DialogOptionSelected,$option == ship_trophy_isa_pirates_2,,"""The craftsmanship.""

Isa points toward the improvised thrust assembly.

""No proper yard. No matching parts. Probably no sober foreman.""

She pulls out her slate and zooms in on a web of reinforcement struts around the engine mounts.

""They grafted those jets on from three different hull classes. The couplings were machined by hand, the fuel lines are routed through the captain's old living quarters, and I'm pretty sure that heat shield used to be a blast door.""

The pirate frigate fires its maneuvering thrusters and settles neatly against the docking clamps.

Isa smiles.

""Still flies straight. Mostly.""","0:ship_trophy_isa_pirates_3:""I'm surprised you're so positive about their work.""",Pirate craftsmanship vignette beat.
shipTrophyIsaFactionVisitPiratesThird,DialogOptionSelected,$option == ship_trophy_isa_pirates_3,,"She lowers the slate.

""I grew up on an independent station. Seen people from all walks of life. The only difference between an indy and a pirate is how many meals they've missed.""

She shrugs.

""And I like the poor, misunderstood underdog.""","0:ship_trophy_isa_pirates_4:continue",Pirate underdog vignette beat.
shipTrophyIsaFactionVisitPiratesFourth,DialogOptionSelected,$option == ship_trophy_isa_pirates_4,,"The doors of a dockside bar slam open.

A pirate stumbles into the concourse, wild-eyed.

""I'll pay! I swear I'll pay this time!""

Several others emerge behind him. They seize him by the arms and legs, carry him to the edge of the dock, and throw him screaming and pleading through the grav field.

He hangs outside the station without a helmet, kicking soundlessly against the stars. His eyes bulge and his face begins to swell. Every desperate jerks sends the breath leaking from his lungs, turning him end over end, helplessly in the void.

After ten seconds, they drag him back by a tether around his ankle.

The moment he crosses the railing, he collapses onto the deck, wheezing and coughing blood while the bar erupts in laughter.","0:ship_trophy_isa_pirates_response:""Poor, misunderstood underdogs.""",Pirate dockside-bar vignette beat.
shipTrophyIsaFactionVisitResponsePirates,DialogOptionSelected,$option == ship_trophy_isa_pirates_response,,"Isa kicks you, then turns back toward the pirate frigate.

""Assholes,"" she mutters darkly. ""Making me look stupid.""","0:ship_trophy_isa_faction_visit_continue:Continue to $marketName.",Pirate vignette conclusion.
shipTrophyIsaFactionVisitContinue,DialogOptionSelected,$option == ship_trophy_isa_faction_visit_continue,"IsaFactionVisitCMD markSeen
FireBest OpenInteractionDialog",,,Marks the faction vignette complete and resumes the station's normal docking dialogue.
shipTrophyShroudedSubstrateBeginIsa,ShroudedSubstrateRightClick,"!$player.canMakeDwellerWeapons
IsaContactRulesCMD isaInFleet score:10000","ShowImageVisual shrouded_weapon_assembly
SetStoryOption shroudedSubstrateBegin 1 analyzeSubstrate technology ""Analyzed Shrouded Substrate""","You join your technology officer and Isa in a small briefing room overlooking the shop bay dedicated to what has been euphemistically dubbed ""special salvage"".

Haz-suited technicians attend to the containment machinery, stepping over coils of tube and wire. A mess of makeshift components were pulled from the common microforge libraries then torn apart and re-engineered to operate in this unusual, even extraordinary, application.

Isa wears a frown, tapping a TriPad as she observes the ongoing work. Tech can barely contain their excitement.

""$PlayerSirOrMadam,"" they say in unison at your arrival.","shroudedSubstrateBegin:""So. What is it?""
defaultLeave:Leave",Isa replaces the anonymous engineering chief in the first Shrouded Substrate briefing while she is in the player fleet.
shipTrophyShroudedSubstrateOptSelAIsa,DialogOptionSelected,"$option == shroudedSubstrate_optSelA
IsaContactRulesCMD isaInFleet score:10000","$saidWhatIsIt = true 0
$canSayGA = true 0","Isa makes a show of looking to Tech expectantly, mouth quite intentionally shut. It appears they've had this argument already.

""As, um."" Tech passes a look of consternation back toward Isa.

""In truth, I could not say, exactly. And unfortunately we're not equipped to perform a full scientific investigation. Clearly it is a part of, or a product of the, the... hostile force which we bested. But to know what it IS... you'd need a full science team and laboratory facilities to even begin to approach the right questions, to say nothing of answers...""","shroudedSubstrate_optSelAga:""Like the Galatia Academy.""
shroudedSubstrate_optSelAtt:""Like Tri-Tachyon.""",Isa-specific Shrouded Substrate explanation.
shipTrophyShroudedSubstrateOptSelAga2Isa,DialogOptionSelected,"$option == shroudedSubstrate_optSelAga2
!$saidTTthen
IsaContactRulesCMD isaInFleet score:10000",unset $canSayGA,"Isa answers. ""Yes, there's nothing like this in the public archives. The Galatia Academy is supposed to be neutral. But as you know, $playerSirOrMadam, the Hegemony will reach in to put its hands on the controls, so to speak, if it sees something it doesn't like. The Hegemony doesn't like disruption. And this...""

She extends a hand to indicate the contents of the workbay.

Tech nods agreement, ""The Ministry of Technology Standards would surely seize such specimens. I could not say what they would do with them, but we would not see them ever again. That much is certain.""","shroudedSubstrate_optSelAtt:""Tri-Tachyon then.""",Isa-specific Galatia Academy response.
shipTrophyShroudedSubstrateOptSelAga2bIsa,DialogOptionSelected,"$option == shroudedSubstrate_optSelAga2
$saidTTthen
IsaContactRulesCMD isaInFleet score:10000","unset $canSayGA
FireAll shroudedSubstrateBeginOpts","Isa answers. ""Yes, there's nothing like this in the public archives. The Galatia Academy is supposed to be neutral. But as you know, $playerSirOrMadam, the Hegemony will reach in to put its hands on the controls, so to speak, if it sees something it doesn't like. The Hegemony doesn't like disruption. And this...""

She extends a hand to indicate the contents of the workbay.

Tech nods agreement, ""The Ministry of Technology Standards would surely seize such specimens. I could not say what they would do with them, but we would not see them ever again. That much is certain.""",,Isa-specific Galatia Academy response after Tri-Tachyon has already been discussed.
shipTrophyShroudedSubstrateOptSelBIsa,DialogOptionSelected,"$option == shroudedSubstrate_optSelB
IsaContactRulesCMD isaInFleet score:10000","$saidValuable = true 0
FireAll shroudedSubstrateBeginOpts","""Extremely,"" Tech answers, exchanging a look with Isa. ""If the energy output ratio scales as projected...""

""It's dangerous,"" Isa says. ""It's almost too easy to build a weapon with this 'substrate'. Imagine if the Pathers-""

""-Yes, yes, another Mairaath,"" Tech interrupts. ""As with any applied technology, sufficiently powerful, it could... $playerSirOrMadam. To answer your query, yes, extremely valuable.""",,Isa-specific Shrouded Substrate value response.
shipTrophyShroudedSubstrateOptSelCIsa,DialogOptionSelected,"$option == shroudedSubstrate_optSelC
IsaContactRulesCMD isaInFleet score:10000","$saidUseful = true 0
FireAll shroudedSubstrateBeginOpts","""Very,"" your technology officer exchanges another look with Isa. ""In my professional opinion.""

""When stabilized, and... provoked, it appears to create energy from... somewhere else. Or transform it, enhance it. The gain is spectacular.""

Isa steps forward. ""That test with the laser-cutter would have blown a hole through the hull if,"" she glances at Tech, ""if we were not following protocol by using a blast-plate backing in the test zone.""

""Look, I did concede you were correct to-"" Tech catches your expression and shuts up, putting on a deferential look.",,Isa-specific Shrouded Substrate usefulness response.
shipTrophyShroudedSubstrateOptSelDIsa,DialogOptionSelected,"$option == shroudedSubstrate_optSelD
IsaContactRulesCMD isaInFleet score:10000","$saidDestroyed = true 0
FireAll shroudedSubstrateBeginOpts","Isa smirks at Tech.

""It is essentially unstable, if left alone,"" Tech admits. ""Without containment, it will,"" a pause, searching for the word.

""Fade away? No, withdraw. Slowly. The process is non-linear, and appears to accelerate, given time. Although it's hard to measure exact terms of mass, volume, or... output. It all just becomes... less.""",,Isa-specific Shrouded Substrate destruction response.
shipTrophyShroudedSubstrateOptSelEIsa,DialogOptionSelected,"$option == shroudedSubstrate_optSelE
IsaContactRulesCMD isaInFleet score:10000",,"Tech looks to Isa, who can barely suppress a grin despite her previous air of skepticism. Isa nods and flips a TriPad around.

""It's pretty simple, $playerSirOrMadam. Scale up the testing rig using modified common equipment to produce outputs in the combat application range. A robust chassis is not difficult. We're already equipped to repair modular components of most weapon systems using microforged components and existing supply stocks.""

She pauses, looking into the workbay once more. ""The key is this 'substrate'. It provides the core, the... amplification, the transformation.""",shroudedSubstrate_optSelE2:Continue,Isa-specific Shrouded Substrate weaponization response.
shipTrophyShroudedSubstrateBegin2Isa,DialogOptionSelected,"$option == shroudedSubstrateBegin
IsaContactRulesCMD isaInFleet score:10000",FireAll shroudedSubstrateBeginOpts,"""Exotic matter!"" Tech exclaims.

Isa interrupts. ""Another way of saying 'we don't know what it is', and 'it doesn't act how physics says it should'.""

Your technology officer begins again, enthusiasm tempered - somewhat. ""Obviously, I was about to- $playerSirOrMadam,"" Tech turns to face only you, perhaps to curb further interruptions. ""Analysis is preliminary and proceeding,"" a quick glimpse at Isa, ""carefully.""",,Isa replaces Engineering in the opening Shrouded Substrate exchange.
shipTrophyShroudedSubstrateOptSelFIsa,DialogOptionSelected,"$option == shroudedSubstrate_optSelF
IsaContactRulesCMD isaInFleet score:10000","$player.canMakeDwellerWeapons = true
Highlight $player.shroudedSubstrateAvailable
FireBest CheckPlayerHasNoSubstrate","""$PlayerSirOrMadam,"" Isa and Tech say once more in unison.

Shrouded Substrate available: $player.shroudedSubstrateAvailable unit(s).","substrate_selectWeapons:Select weapons to assemble
defaultLeave:Leave",Isa is named when Shrouded weapon assembly is unlocked.
shipTrophyShroudedSubstrateWasAnalyzedIsa,ShroudedSubstrateRightClick,"$player.canMakeDwellerWeapons
IsaContactRulesCMD isaInFleet score:10000","ShowImageVisual shrouded_weapon_assembly
Highlight $player.shroudedSubstrateAvailable
FireBest CheckPlayerHasNoSubstrate","You consult with your technical officer and Isa in a small briefing room overlooking a workbay adapted to store and analyze the unusual specimens you've found. They are poring over schematics, deep in an argument over implementation details. You are pleased to note that their disagreement plays out within a foundation built of professional respect.

They notice you and, in unison, say ""$PlayerSirOrMadam.""

Shrouded Substrate available: $player.shroudedSubstrateAvailable unit(s).","substrate_selectWeapons:Select weapons to assemble
defaultLeave:Leave",Isa replaces the generic engineering chief in repeat Shrouded Substrate interactions.
shipTrophySubstrateWeaponsPickedIsa,SubstrateWeaponsPicked,IsaContactRulesCMD isaInFleet score:10000,"Highlight $player.shroudedSubstrateAvailable
FireBest CheckPlayerHasNoSubstrate","Your technical officer and Isa pore over the schematics, arguing over implementation details. You are pleased to note that their disagreement plays out within a foundation built of professional respect.

Shrouded Substrate available: $player.shroudedSubstrateAvailable unit(s).","substrate_selectWeapons:Select weapons to assemble
defaultLeave:Leave",Isa replaces the generic engineering chief after Shrouded weapons are assembled.
shipTrophyShroudedMantleIntroIsa,DialogOptionSelected,"$option == ShroudedHMM_talk1
!$player.didAShroudedHullmodUnlock
IsaContactRulesCMD isaInFleet score:10000","$option = ShroudedHMM_talk2 0
FireBest DialogOptionSelected","You find your technology officer and Isa in deep discussion over one of the unusual specimens held in the ""special salvage"" bay.",,Isa is named in the first Shrouded Mantle analysis.
shipTrophyShroudedMantleIntroRepeatIsa,DialogOptionSelected,"$option == ShroudedHMM_talk1
$player.didAShroudedHullmodUnlock
IsaContactRulesCMD isaInFleet score:10000","$option = ShroudedHMM_talk2 0
FireBest DialogOptionSelected","You find your technology officer and Isa in another discussion over one of the unusual specimens held in the ""special salvage"" bay.",,Isa is named in repeat Shrouded Mantle analysis.
shipTrophyShroudedMantleTheoryIsa,DialogOptionSelected,"$option == ShroudedHMM_talk2
IsaContactRulesCMD isaInFleet score:10000",,"Isa is frowning, manipulating a diagram of a ship with abrupt flicks at the interface. ""It'd have to be anchored to the flux grid. Only way to keep it wrapped close enough to the hull geometry.""

""Precisely,"" Tech says. ""To keep the exotic material from diminishing! It will draw energy from incoming projectiles, storing it in the, um... meta-plasma?""

Isa snorts dismissively.

""Merely a working term,"" Tech says defensively.",ShroudedHMM_talk3:Continue,Isa replaces Engineering in Shrouded Mantle theory dialogue.
shipTrophyShroudedMantleDischargeIsa,DialogOptionSelected,"$option == ShroudedHMM_talk3
IsaContactRulesCMD isaInFleet score:10000","$option = ShroudedHMM_talk4 0
FireBest DialogOptionSelected","""We can't store energy forever in this theoretical, pretend-plasma,"" Isa says. ""It'll have to go somewhere.""

""Invert the polarity of the flux converters and flicker the drive field. Boom, a gentle bump to local time-space."" Tech looks self-satisfied. ""Um, by which I mean the ship itself.""

""You hope it's a gentle bump."" Isa frowns, pulling up agrav inertial suppression timing charts. ""If it works.""",,Isa replaces Engineering in Shrouded Mantle discharge dialogue.
shipTrophyShroudedMantleApprovalIsa,DialogOptionSelected,"$option == ShroudedHMM_talk5
IsaContactRulesCMD isaInFleet score:10000","$player.didAShroudedHullmodUnlock = true
$option = ShroudedHMM_talk6 0
FireBest DialogOptionSelected","Tech and Isa jump to attention, having been so involved in their argument that neither noticed you approach.

""$PlayerSirOrMadam, yes $playerSirOrMadam,"" they say, saluting.",,Isa is named when Shrouded Mantle research is approved.
shipTrophyShroudedMantleFaithfulApprovalIsa,DialogOptionSelected,"$option == ShroudedHMM_talk5l
$player.luddicFaithfulOrChurchCom
IsaContactRulesCMD isaInFleet score:10000",$player.didAShroudedHullmodUnlock = true,"Tech and Isa jump to attention, having been so involved in their argument that neither noticed you approach.

""$PlayerSirOrMadam, yes $playerSirOrMadam,"" they say, saluting.",ShroudedHMM_talk6:Continue,Isa is named in the Luddic Shrouded Mantle approval branch.
shipTrophyShroudedThunderheadIntroIsa,DialogOptionSelected,"$option == ShroudedHMTH_talk1
!$player.didAShroudedHullmodUnlock
IsaContactRulesCMD isaInFleet score:10000","$option = ShroudedHMTH_talk2 0
FireBest DialogOptionSelected","You find your technology officer and Isa in deep discussion over one of the unusual specimens held in the ""special salvage"" bay.",,Isa is named in the first Shrouded Thunderhead analysis.
shipTrophyShroudedThunderheadIntroRepeatIsa,DialogOptionSelected,"$option == ShroudedHMTH_talk1
$player.didAShroudedHullmodUnlock
IsaContactRulesCMD isaInFleet score:10000","$option = ShroudedHMTH_talk2 0
FireBest DialogOptionSelected","You find your technology officer and Isa in another deep discussion over one of the unusual specimens held in the ""special salvage"" bay.",,Isa is named in repeat Shrouded Thunderhead analysis.
shipTrophyShroudedThunderheadEngineeringIsa,DialogOptionSelected,"$option == ShroudedHMTH_talk3
IsaContactRulesCMD isaInFleet score:10000","$player.didAShroudedHullmodUnlock = true
$option = ShroudedHMTH_talk4 0
FireBest DialogOptionSelected","""Theoretically."" Isa crosses her arms beneath a very skeptical look.

""To operate during combat... hmm. Modifications would have to be made. Shield emitters, drive field, inertial suppression... I'll need to perform some tests.""

Isa finally notices you observing their talk and stands to attention. ""With your approval, $PlayerSirOrMadam.""",,Isa replaces Engineering in Shrouded Thunderhead analysis.
shipTrophyShroudedLensIntroIsa,DialogOptionSelected,"$option == ShroudedHML_talk1
!$player.didAShroudedHullmodUnlock
IsaContactRulesCMD isaInFleet score:10000","$option = ShroudedHML_talk2 0
FireBest DialogOptionSelected","You find your technology officer and Isa in deep discussion over one of the unusual specimens held in the ""special salvage"" bay.",,Isa is named in the first Shrouded Lens analysis.
shipTrophyShroudedLensIntroRepeatIsa,DialogOptionSelected,"$option == ShroudedHML_talk1
$player.didAShroudedHullmodUnlock
IsaContactRulesCMD isaInFleet score:10000","$option = ShroudedHML_talk2 0
FireBest DialogOptionSelected","You find your technology officer and Isa in another deep discussion over one of the unusual specimens held in the ""special salvage"" bay.",,Isa is named in repeat Shrouded Lens analysis.
shipTrophyShroudedLensTheoryIsa,DialogOptionSelected,"$option == ShroudedHML_talk2
IsaContactRulesCMD isaInFleet score:10000",,"""This 'lens' - a working term, of course - does not operate in normal space as-such.""

Tech is deep in lecture mode over an arcane holo-diagram. You can tell they've been talking for some minutes from Isa's impatient eye roll.

""It could be emplaced deep within the hull, in a specially stabilized cradle - for safety,"" Tech continues.

Isa appears pained at describing this proposal as 'safe'.",ShroudedHML_talk3:Continue,Isa replaces Engineering in Shrouded Lens theory dialogue.
shipTrophyShroudedLensRangeIsa,DialogOptionSelected,"$option == ShroudedHML_talk4
IsaContactRulesCMD isaInFleet score:10000",$player.didAShroudedHullmodUnlock = true,"Tech and Isa both jump at your words, standing to attention. ""$PlayerSirOrMadam!"" they say in uncharacteristic unison.

Isa takes the opportunity to finally get a word in. ""Accuracy decreases in... interestingly, a sharp harmonic progression. But this means anything beyond mid-range combat parameters will effectively create an energetic burst at a random spot somewhere within the n-space universe."" She side-eyes Tech. ""Just another blip of cosmic background radiation.""

Tech looks like they might say something, but no words come. Isa fills the silence again. ""Practically, it could only target reasonably nearby hostiles.""",ShroudedHML_talk5:Continue,Isa replaces Engineering in Shrouded Lens range dialogue.
shipTrophyGanEdenSurfaceSiteCanColonize,PrintSystemCutOffText,$market.shipTrophyGanEdenSurfaceSite score:100000,,"Although Gan Eden is sealed from hyperspace, this fixed shell site is connected to self-contained atmosphere, power, and transit infrastructure. Establishing a colony here remains possible.",,Allows colonization of fixed Gan Eden surface sites while the prototype system is isolated.
